id,created_at,device_id,user_id,scope,event,detail
002487a4-1e9f-4625-9ca7-cd04942bc39f,2026-02-23 18:49:01.82613+00,d_12cb9026449cdd_1771872435205,,auth,webbrowser_result,"{""type"":""cancel"",""hasUrl"":false}"
00564166-85e4-498e-b0d6-57dca6845214,2026-04-06 03:12:34.393672+00,d_354575e1ef8b48_1775445148888,,auth,webbrowser_result,"{""type"":""cancel"",""hasUrl"":false}"
00afa4de-26ee-43af-b9f2-5bb403ac9984,2026-02-03 22:24:44.942504+00,d_38ab48f4b46bc8_1770157465311,,auth,oauth_return_cached,"{""hasUrl"":true}"
00f8b151-3f73-438e-a287-866e7dbb791d,2026-02-11 09:22:22.117785+00,d_cc61f970a326b8_1770801687209,,auth,oauth_return_cached,"{""hasUrl"":false}"
010d0025-7fba-4e2f-ace1-b99430e05ff3,2026-02-18 21:40:50.271961+00,d_e0634008d876f8_1769957310244,,auth,google_press,{}
015c46dd-62bf-4cb8-8e9b-702fbf3c9be3,2026-02-23 18:48:19.505158+00,d_12cb9026449cdd_1771872435205,,auth,oauth_start,"{""redirectPath"":""auth/callback""}"
01b896fd-b44c-4679-9feb-5296853355ba,2026-02-10 03:47:44.651104+00,d_2bfe3e66c87824_1770695264023,,auth,oauth_url_ready,"{""hasUrl"":true}"
01cc5a0a-c70a-459b-89e5-3217417bde48,2026-05-01 01:49:23.318168+00,d_8cc002dc2e51d_1777600095461,,auth,google_press,{}
01ccda95-9263-44ad-bee1-bfa7f50cafa1,2026-02-23 19:45:20.002715+00,d_c378e05089bfc_1771875886770,,auth,webbrowser_result,"{""type"":""cancel"",""hasUrl"":false}"
01fb3721-4511-46ba-9348-f209df15e96c,2026-02-28 14:48:35.169184+00,d_b1da13429509b8_1772290103532,,auth,oauth_start,"{""redirectPath"":""auth/callback""}"
0203fc84-6a76-4bfd-afaa-15c94c6d59c5,2026-02-23 18:47:49.39712+00,d_12cb9026449cdd_1771872435205,,auth,oauth_start,"{""redirectPath"":""auth/callback""}"
025b28d6-70bf-4998-aca3-6d628b10bfcd,2026-02-23 18:48:01.178769+00,d_12cb9026449cdd_1771872435205,,auth,webbrowser_result,"{""type"":""cancel"",""hasUrl"":false}"
0286e56f-b8ae-4cee-807d-55267ff38f62,2026-05-01 02:33:57.403125+00,d_eb04f65dbc80d8_1774135538176,,auth,webbrowser_result,"{""type"":""success"",""hasUrl"":true}"
029c60ec-d224-42e3-9c10-9124c6fea93c,2026-01-31 17:12:51.80149+00,d_f49572ecb3eed_1769879534830,,auth,oauth_return_cached,"{""hasUrl"":false}"
02a5fcd2-dbe5-40a1-9bb4-df262fd8895d,2026-02-28 14:48:50.974398+00,d_b1da13429509b8_1772290103532,,auth,oauth_return_cached,"{""hasUrl"":false}"
03140297-2336-4d70-81f7-65757f0e77ec,2026-02-23 19:45:02.725+00,d_c378e05089bfc_1771875886770,,auth,oauth_url_ready,"{""hasUrl"":true}"
038593f8-50eb-4dff-b38c-504f9d91bb0f,2026-04-05 23:58:02.857657+00,d_9100d1cfba86d8_1775433471923,,auth,oauth_url_ready,"{""hasUrl"":true}"
038a1f69-285c-4be7-b756-a23033505560,2026-05-01 02:44:30.524475+00,d_6e76d4efaf2838_1777603250861,,auth,oauth_start,"{""redirectPath"":""auth/callback""}"
03b91713-1c42-47d2-bf72-ea65120da475,2026-02-23 18:47:21.275197+00,d_12cb9026449cdd_1771872435205,,auth,google_press,{}
03e473de-c13a-4989-9f08-1bfada7127d1,2026-02-23 22:56:44.982301+00,d_ebb7d953f2bc28_1771887281124,,auth,google_press,{}
0457e342-1621-489f-9229-f73f2c94ec1c,2026-04-12 07:43:52.426175+00,d_d58ef8ba3f26c_1775979811595,,auth,oauth_url_ready,"{""hasUrl"":true}"
04ac6341-8819-4533-b0d7-2f6870075a79,2026-05-01 01:49:23.91088+00,d_8cc002dc2e51d_1777600095461,,auth,oauth_url_ready,"{""hasUrl"":true}"
04f3bcef-9df2-4c27-b1cd-33e799472230,2026-05-01 16:47:06.585108+00,d_121ca6615d4c7e_1777654026368,,auth,google_press,{}
050b9fa2-9441-4730-abbf-423aaaa51431,2026-02-23 19:45:17.082837+00,d_c378e05089bfc_1771875886770,,auth,google_press,{}
050bb511-23a7-478e-a1b0-241cf864dc88,2026-02-23 18:47:56.417422+00,d_12cb9026449cdd_1771872435205,,auth,oauth_start,"{""redirectPath"":""auth/callback""}"
0510c73a-a382-40af-92ad-37617652ac34,2026-04-12 07:43:45.044061+00,d_d58ef8ba3f26c_1775979811595,,auth,oauth_return_cached,"{""hasUrl"":false}"
05304976-aa90-4221-99be-45aee7263e90,2026-04-06 03:12:34.058267+00,d_354575e1ef8b48_1775445148888,,auth,oauth_start,"{""redirectPath"":""auth/callback""}"
057d1e05-3fbb-4178-bf74-9c4d7901007f,2026-01-31 17:13:03.787626+00,d_f49572ecb3eed_1769879534830,,auth,oauth_start,"{""redirectPath"":""auth/callback""}"
05e6a414-f9ca-461b-9577-dbd856db5247,2026-02-28 14:49:02.71271+00,d_b1da13429509b8_1772290103532,,auth,webbrowser_result,"{""type"":""cancel"",""hasUrl"":false}"
05f6032b-8a5a-466b-8574-61e0c00d005c,2026-05-01 01:51:57.986035+00,d_06f9741747fd08_1777600315849,,auth,oauth_start,"{""redirectPath"":""auth/callback""}"
0648c768-3c3f-40fc-9ee1-632a78c782cc,2026-02-23 22:56:30.201248+00,d_ebb7d953f2bc28_1771887281124,,auth,webbrowser_result,"{""type"":""cancel"",""hasUrl"":false}"
0699c19c-2da5-4dd8-950a-6b8850e78ba5,2026-01-31 16:10:02.584267+00,d_406c3649dcd6a_1769875794775,,auth,oauth_return_cached,"{""hasUrl"":true}"
06dd541a-9814-4d72-b240-8981d63c23d1,2026-02-02 02:05:39.5789+00,d_c9b7c3e838f8b8_1769996794087,,auth,webbrowser_result,"{""type"":""success"",""hasUrl"":true}"
07995483-7475-430d-b37b-e7bb429d1f8e,2026-05-01 01:49:23.775224+00,d_8cc002dc2e51d_1777600095461,,auth,oauth_start,"{""redirectPath"":""auth/callback""}"
07a322f6-35f6-4b67-b748-63302b328eee,2026-02-26 03:02:12.561125+00,d_e0634008d876f8_1769957310244,,auth,webbrowser_result,"{""type"":""dismiss"",""hasUrl"":false}"
07ace116-3186-4319-b306-34a5e9a3c81f,2026-02-28 14:49:00.10885+00,d_b1da13429509b8_1772290103532,,auth,webbrowser_result,"{""type"":""cancel"",""hasUrl"":false}"
07baecad-b6f6-4443-9e02-e74318084ee4,2026-02-23 22:54:41.636895+00,d_ebb7d953f2bc28_1771887281124,,auth,oauth_start,"{""redirectPath"":""auth/callback""}"
07e7f2dd-117e-480a-a091-4ce11a817fb3,2026-02-23 18:48:01.286559+00,d_12cb9026449cdd_1771872435205,,auth,oauth_return_cached,"{""hasUrl"":false}"
08557794-240a-48d3-80be-9e343701f296,2026-02-28 14:48:23.635306+00,d_b1da13429509b8_1772290103532,,auth,google_press,{}
08700adc-9f87-4eff-a7ce-82760e949fed,2026-06-23 01:53:49.371679+00,d_eb04f65dbc80d8_1774135538176,186df23b-6cbd-40b1-a921-430921a73e9c,privacy,social_opt_out_setting_viewed,"{""value"":false,""source_screen"":""settings"",""canAppearSocially"":true}"
08c7ba4b-3fab-4c48-b38f-0c92108e38f1,2026-02-26 03:02:07.908369+00,d_e0634008d876f8_1769957310244,,auth,oauth_url_ready,"{""hasUrl"":true}"
08f3530c-2315-4010-a57e-c7c9ad36b224,2026-02-23 22:54:41.808104+00,d_ebb7d953f2bc28_1771887281124,,auth,oauth_url_ready,"{""hasUrl"":true}"
08f90298-af43-4ddc-bc64-362546321b55,2026-01-31 19:47:49.095981+00,d_fae7f7b5967e48_1769888868373,,auth,webbrowser_result,"{""type"":""cancel"",""hasUrl"":false}"
0995463a-6f9f-4c60-9e9d-e5a4662f84f2,2026-05-01 02:37:57.081548+00,d_acacb29dc49e98_1777603011477,,auth,oauth_return_cached,"{""hasUrl"":false}"
0a2a96a8-323c-4579-9f18-b9f34fbc39fe,2026-02-23 19:46:46.457901+00,d_c378e05089bfc_1771875886770,,auth,oauth_start,"{""redirectPath"":""auth/callback""}"
0a8cf2e8-562b-4495-b618-604f48e60ccc,2026-02-23 18:49:01.461732+00,d_12cb9026449cdd_1771872435205,,auth,oauth_start,"{""redirectPath"":""auth/callback""}"
0ab3f91b-cd00-4c6e-922b-6a406b5dca48,2026-03-07 01:22:06.680251+00,d_6c9e7484c59f28_1772846526142,,auth,oauth_url_ready,"{""hasUrl"":true}"
0b536094-72e6-43d3-b2b5-94e50cbcb912,2026-06-23 01:56:34.885155+00,d_eb04f65dbc80d8_1774135538176,186df23b-6cbd-40b1-a921-430921a73e9c,facebook,facebook_oauth_cancelled,"{""type"":""dismiss""}"
0b6acbb8-eefb-43a2-a1c9-e531eb1554a2,2026-02-23 18:48:00.669963+00,d_12cb9026449cdd_1771872435205,,auth,google_press,{}
0baea165-44b5-4db1-bb77-cbb0b37d4598,2026-01-31 17:12:48.224958+00,d_f49572ecb3eed_1769879534830,,auth,webbrowser_result,"{""type"":""cancel"",""hasUrl"":false}"
0bdcfece-cb74-4515-bccd-b7dd4f4d1a94,2026-02-09 07:29:56.622061+00,d_e3f6bd9b651ef8_1770622140509,,auth,google_press,{}
0c250b93-c294-4c43-a0ff-c87047afa188,2026-06-23 01:56:47.579894+00,d_eb04f65dbc80d8_1774135538176,186df23b-6cbd-40b1-a921-430921a73e9c,facebook,facebook_oauth_cancelled,"{""type"":""dismiss""}"
0cd1d6bd-c49f-4d0b-a76b-0001dc46e419,2026-04-05 23:57:55.268309+00,d_9100d1cfba86d8_1775433471923,,auth,webbrowser_result,"{""type"":""cancel"",""hasUrl"":false}"
0da92216-59a2-4d57-b5b1-282efc9747e9,2026-02-23 01:05:18.989024+00,d_e0634008d876f8_1769957310244,,auth,oauth_url_ready,"{""hasUrl"":true}"
0e763e1a-c0da-4fbd-8d04-c2f36b3aa987,2026-02-23 19:46:15.351499+00,d_c378e05089bfc_1771875886770,,auth,oauth_return_cached,"{""hasUrl"":false}"
0eb2d251-b028-4932-bd64-e21535d96fd7,2026-03-09 01:33:23.680736+00,d_90077fdd59ca98_1773019990289,,auth,google_press,{}
0ef7108b-24b5-4bbc-9677-8925871f67af,2026-01-31 17:13:19.459697+00,d_f49572ecb3eed_1769879534830,,auth,webbrowser_result,"{""type"":""cancel"",""hasUrl"":false}"
0f507dc6-e08b-4560-860a-2cf0cbd4ed64,2026-05-01 02:40:53.280077+00,d_6e76d4efaf2838_1777603250861,,auth,oauth_url_ready,"{""hasUrl"":true}"
0fa1041d-dbba-440d-a66a-8d5e20e8536a,2026-04-12 07:43:32.999246+00,d_d58ef8ba3f26c_1775979811595,,auth,webbrowser_result,"{""type"":""cancel"",""hasUrl"":false}"
0ff3215a-93cc-4b2a-a6b5-c4f79c250c06,2026-05-01 01:59:16.192804+00,d_06f9741747fd08_1777600315849,,auth,oauth_start,"{""redirectPath"":""auth/callback""}"
109e981a-372f-47f5-bf68-16cb0bf5c78a,2026-01-31 16:09:08.989907+00,d_cb6e7b94aa0f3_1769875747558,,auth,webbrowser_result,"{""type"":""cancel"",""hasUrl"":false}"
10d6ce81-ed26-4f9d-9e5d-122c137f9c0a,2026-02-08 18:49:07.017549+00,d_c234f7244a1b3_1770576543859,,auth,webbrowser_result,"{""type"":""cancel"",""hasUrl"":false}"
11fd2262-bcd6-4e81-874d-75efb513f9be,2026-02-23 18:47:56.770182+00,d_12cb9026449cdd_1771872435205,,auth,webbrowser_result,"{""type"":""cancel"",""hasUrl"":false}"
132f7cb8-f800-4c81-b3f3-a1035b4585fc,2026-01-31 16:11:51.153412+00,d_1db54cae693d35_1769875897381,,auth,webbrowser_result,"{""type"":""success"",""hasUrl"":true}"
133b7aff-c76e-4ee7-b412-6aa3e12ea08a,2026-01-31 17:13:35.664257+00,d_f49572ecb3eed_1769879534830,,auth,oauth_return_cached,"{""hasUrl"":false}"
134229de-003e-4c19-9a08-87dcf3b14764,2026-02-23 22:55:39.605957+00,d_ebb7d953f2bc28_1771887281124,,auth,oauth_start,"{""redirectPath"":""auth/callback""}"
13cdda7c-949b-4b0a-b79b-92134d9833e2,2026-02-23 00:40:06.688812+00,d_addc5209c81648_1771807205291,,auth,oauth_return_cached,"{""hasUrl"":false}"
13e74fb2-7df3-4dcc-94a5-a7a513f3fc5e,2026-02-02 01:50:15.497856+00,d_c9b7c3e838f8b8_1769996794087,,auth,oauth_return_cached,"{""hasUrl"":false}"
1411c377-27ff-4ad8-95f2-a4a4ed83ea50,2026-05-01 12:32:32.606379+00,d_e1642ee7780ac_1777638750403,,auth,oauth_start,"{""redirectPath"":""auth/callback""}"
1436fdec-b022-44d8-8a39-3bb24c4608b6,2026-02-23 18:47:45.57768+00,d_12cb9026449cdd_1771872435205,,auth,oauth_start,"{""redirectPath"":""auth/callback""}"
147211e3-2ee1-4b3b-9b1c-dbf519644385,2026-04-12 07:43:44.143949+00,d_d58ef8ba3f26c_1775979811595,,auth,google_press,{}
1479e96d-c8a4-42c2-8260-e4d5d910780d,2026-01-31 17:13:35.217912+00,d_f49572ecb3eed_1769879534830,,auth,oauth_start,"{""redirectPath"":""auth/callback""}"
14d1ec36-8a5d-49ae-8a8b-ba713f50b843,2026-02-11 09:22:09.834616+00,d_cc61f970a326b8_1770801687209,,auth,oauth_return_cached,"{""hasUrl"":false}"
14e7dafc-d287-4199-9d9c-d6207f4ec5e9,2026-02-23 22:56:10.961572+00,d_ebb7d953f2bc28_1771887281124,,auth,webbrowser_result,"{""type"":""cancel"",""hasUrl"":false}"
151f9412-93e0-4a65-9fb2-d0a43d2b2031,2026-03-09 01:33:11.992986+00,d_90077fdd59ca98_1773019990289,,auth,webbrowser_result,"{""type"":""cancel"",""hasUrl"":false}"
153c091a-0ab4-4f10-a4da-9ada32abe50e,2026-05-01 01:59:26.690851+00,d_06f9741747fd08_1777600315849,,auth,oauth_return_cached,"{""hasUrl"":false}"
156208f5-b51b-4e37-8bea-61834d54637a,2026-01-31 16:09:54.367317+00,d_406c3649dcd6a_1769875794775,,auth,google_press,{}
159b6049-551e-4912-a2bb-2511af80c9e6,2026-02-01 00:01:10.568801+00,d_f2c53c08e37888_1769904070222,,auth,oauth_start,"{""redirectPath"":""auth/callback""}"
15a83561-118d-4874-9a8a-51e44b297547,2026-02-23 22:56:29.84899+00,d_ebb7d953f2bc28_1771887281124,,auth,oauth_start,"{""redirectPath"":""auth/callback""}"
15f0c423-5621-47c4-b3d3-859c84a2dee7,2026-01-31 17:13:38.920717+00,d_f49572ecb3eed_1769879534830,,auth,oauth_start,"{""redirectPath"":""auth/callback""}"
15ffa0c9-5a3e-4312-b3d7-f3772bcf6035,2026-01-31 17:13:45.989979+00,d_f49572ecb3eed_1769879534830,,auth,oauth_start,"{""redirectPath"":""auth/callback""}"
1601cf82-7cdb-4729-af48-c39f38c80bba,2026-02-23 22:55:29.968415+00,d_ebb7d953f2bc28_1771887281124,,auth,oauth_start,"{""redirectPath"":""auth/callback""}"
1652f60b-9579-4dee-bb13-e431d0916788,2026-02-13 17:20:45.04293+00,d_88b3688526179_1771003203273,,auth,webbrowser_result,"{""type"":""cancel"",""hasUrl"":false}"
1691c000-61f8-4ec3-ab94-2fb68cf93713,2026-02-23 19:46:46.760212+00,d_c378e05089bfc_1771875886770,,auth,webbrowser_result,"{""type"":""cancel"",""hasUrl"":false}"
169b30ab-590f-4a51-ac9b-afa722a3a38b,2026-02-23 18:49:35.609174+00,d_12cb9026449cdd_1771872435205,,auth,oauth_start,"{""redirectPath"":""auth/callback""}"
16aca08a-6a29-4c4e-aa11-3e5237fdd336,2026-02-08 18:53:02.693723+00,d_5eb5561a1db184_1770576763443,,auth,oauth_return_cached,"{""hasUrl"":true}"
16b422a1-0deb-47e1-b34a-b57af3ca92b8,2026-01-31 19:13:46.980173+00,d_483373289a0f44_1769886647485,,auth,oauth_return_cached,"{""hasUrl"":true}"
16bb204a-b167-4d36-952f-6cc259d31a0d,2026-02-08 19:01:19.898268+00,d_e0634008d876f8_1769957310244,,auth,oauth_url_ready,"{""hasUrl"":true}"
17b5c68d-d486-4201-9013-3ebeb257d836,2026-02-23 18:48:19.371502+00,d_12cb9026449cdd_1771872435205,,auth,google_press,{}
17d008f1-4584-463f-8699-c3641067071f,2026-02-08 18:56:58.322286+00,d_e0634008d876f8_1769957310244,,auth,oauth_return_cached,"{""hasUrl"":true}"
18052b27-07cc-445e-b036-2ca8c514a575,2026-01-31 17:12:27.882147+00,d_f49572ecb3eed_1769879534830,,auth,oauth_return_cached,"{""hasUrl"":false}"
1825f23a-7766-4ee7-9b2c-52d2e2800b89,2026-02-13 17:21:17.131768+00,d_88b3688526179_1771003203273,,auth,webbrowser_result,"{""type"":""cancel"",""hasUrl"":false}"
186eb531-387d-4d3a-a6be-2f599ecfc82e,2026-02-23 00:40:37.206379+00,d_addc5209c81648_1771807205291,,auth,webbrowser_result,"{""type"":""cancel"",""hasUrl"":false}"
18a03abe-29d5-49c8-b649-df2a3dbe9979,2026-05-01 01:52:35.349916+00,d_06f9741747fd08_1777600315849,,auth,webbrowser_result,"{""type"":""dismiss"",""hasUrl"":false}"
18a1e9a4-3fd9-4bb4-af62-56a1b0ea0242,2026-04-12 07:44:47.720574+00,d_d58ef8ba3f26c_1775979811595,,auth,oauth_start,"{""redirectPath"":""auth/callback""}"
18bb459c-3002-44a9-8729-5d461c1b82f9,2026-02-23 19:46:39.21687+00,d_c378e05089bfc_1771875886770,,auth,oauth_start,"{""redirectPath"":""auth/callback""}"
19283a0c-be4e-4dea-a7aa-8d7dfd6cba3b,2026-01-31 17:13:41.723395+00,d_f49572ecb3eed_1769879534830,,auth,webbrowser_result,"{""type"":""cancel"",""hasUrl"":false}"
1935c485-5bff-4c6b-9c7f-9d067fbe030a,2026-02-23 22:55:30.080676+00,d_ebb7d953f2bc28_1771887281124,,auth,oauth_url_ready,"{""hasUrl"":true}"
19478a8f-fe51-4713-a275-114d9fedc2ba,2026-01-31 17:12:40.069729+00,d_f49572ecb3eed_1769879534830,,auth,oauth_start,"{""redirectPath"":""auth/callback""}"
19a5be10-dc08-4609-8569-191f7ee8323b,2026-01-31 17:13:46.464135+00,d_f49572ecb3eed_1769879534830,,auth,oauth_return_cached,"{""hasUrl"":false}"
19c92dd9-5445-4557-974b-908b1fb5a0ec,2026-04-05 23:58:06.849588+00,d_9100d1cfba86d8_1775433471923,,auth,google_press,{}
1a155b1a-edcd-4a62-8ba1-d91c4f780c6f,2026-04-12 07:44:17.160974+00,d_d58ef8ba3f26c_1775979811595,,auth,webbrowser_result,"{""type"":""cancel"",""hasUrl"":false}"
1ba87d96-77c6-43e3-a219-1760ea28e89f,2026-03-09 01:33:23.954901+00,d_90077fdd59ca98_1773019990289,,auth,oauth_url_ready,"{""hasUrl"":true}"
1c683d3b-44a0-4e03-bb67-236eb97318f9,2026-02-23 22:55:20.922835+00,d_ebb7d953f2bc28_1771887281124,,auth,oauth_start,"{""redirectPath"":""auth/callback""}"
1cee16a1-2b15-4d7e-9b10-17917f9fc92d,2026-02-23 00:40:26.848332+00,d_addc5209c81648_1771807205291,,auth,webbrowser_result,"{""type"":""cancel"",""hasUrl"":false}"
1d12458b-d50a-4d62-b1e3-f6f574d26c5c,2026-02-24 00:14:40.142732+00,d_e0634008d876f8_1769957310244,,auth,oauth_url_ready,"{""hasUrl"":true}"
1e1c5c9b-2020-4e56-9348-8a58c337e21e,2026-02-13 17:21:16.862069+00,d_88b3688526179_1771003203273,,auth,oauth_url_ready,"{""hasUrl"":true}"
1e6789fc-a0e1-47e9-8d40-bb09cde41946,2026-02-23 22:56:42.370522+00,d_ebb7d953f2bc28_1771887281124,,auth,google_press,{}
1eafc14d-1bb0-4bda-873c-08fff88f305b,2026-02-02 01:46:34.199365+00,d_c9b7c3e838f8b8_1769996794087,,auth,google_press,{}
1eeb29f3-5276-4e02-9799-5f6003dde53f,2026-02-23 18:48:45.08023+00,d_12cb9026449cdd_1771872435205,,auth,webbrowser_result,"{""type"":""cancel"",""hasUrl"":false}"
1f0d9cc6-4e82-44e3-9af3-50dad73fd605,2026-02-02 15:37:14.306373+00,d_f656db4f22d8a_1770046634249,,auth,google_press,{}
1fda7fe1-6d59-43b9-8d39-b4d163bea054,2026-04-06 03:12:34.178452+00,d_354575e1ef8b48_1775445148888,,auth,oauth_url_ready,"{""hasUrl"":true}"
20168a5d-ab7e-4b11-9784-a0f0911b2bc3,2026-02-23 00:40:36.679071+00,d_addc5209c81648_1771807205291,,auth,google_press,{}
2063bb74-944a-4239-b860-6573137ebec5,2026-02-23 19:46:41.488746+00,d_c378e05089bfc_1771875886770,,auth,google_press,{}
207d0d08-4104-499a-9d24-b684e6bfbcdf,2026-03-01 02:23:29.060243+00,d_a164d9344b7958_1772331808274,,auth,oauth_start,"{""redirectPath"":""auth/callback""}"
20987f9c-52a7-4dff-92a0-c58f210865c3,2026-04-12 07:43:32.088911+00,d_d58ef8ba3f26c_1775979811595,,auth,oauth_url_ready,"{""hasUrl"":true}"
20ae9d24-f26f-4508-8517-753c747e2461,2026-02-22 23:33:55.107473+00,d_e072263008ba48_1771803169090,,auth,oauth_start,"{""redirectPath"":""auth/callback""}"
20be1b5a-e300-48ef-a2e9-b6d73f729093,2026-02-23 01:13:51.129826+00,d_e0634008d876f8_1769957310244,,auth,oauth_start,"{""redirectPath"":""auth/callback""}"
2119279e-8fbb-4f2d-890b-7db9bbc5bbdf,2026-02-23 18:47:40.521985+00,d_12cb9026449cdd_1771872435205,,auth,google_press,{}
211df55b-f9fd-4b17-b2ba-c0d288b9316f,2026-02-09 07:30:00.323411+00,d_e3f6bd9b651ef8_1770622140509,,auth,webbrowser_result,"{""type"":""cancel"",""hasUrl"":false}"
21927ac6-05d6-4188-a9fa-37562b470b9c,2026-02-02 00:30:59.248691+00,d_13f57e58d22a7c_1769992259071,,auth,google_press,{}
219cf51a-6f4c-4119-99df-a51398fa3a41,2026-02-28 14:49:02.294806+00,d_b1da13429509b8_1772290103532,,auth,google_press,{}
221018f0-d253-4430-893a-bba05fcd3e57,2026-05-01 01:53:53.363447+00,d_06f9741747fd08_1777600315849,,auth,oauth_start,"{""redirectPath"":""auth/callback""}"
22afae28-ef68-4dfa-af65-662de8a75a45,2026-02-01 14:48:30.636087+00,d_e0634008d876f8_1769957310244,,auth,oauth_url_ready,"{""hasUrl"":true}"
22dd7a54-56e0-443f-a7bd-3b2be37422da,2026-02-23 18:48:36.104591+00,d_12cb9026449cdd_1771872435205,,auth,oauth_url_ready,"{""hasUrl"":true}"
233accac-ed95-426b-b1bd-f28333f7885d,2026-02-23 22:54:45.071026+00,d_ebb7d953f2bc28_1771887281124,,auth,oauth_return_cached,"{""hasUrl"":false}"
24351658-1318-4b12-b347-635b861606b9,2026-01-31 19:10:48.001145+00,d_483373289a0f44_1769886647485,,auth,oauth_url_ready,"{""hasUrl"":true}"
245a0906-a1e1-4332-bfbb-21bd223c7794,2026-02-23 18:49:10.338561+00,d_12cb9026449cdd_1771872435205,,auth,oauth_return_cached,"{""hasUrl"":false}"
24728ee6-19ca-4e95-a129-1abae0f58545,2026-02-26 03:02:07.769416+00,d_e0634008d876f8_1769957310244,,auth,oauth_start,"{""redirectPath"":""auth/callback""}"
24956573-530c-4143-91df-48ed9c13aeba,2026-01-31 17:12:40.582828+00,d_f49572ecb3eed_1769879534830,,auth,oauth_return_cached,"{""hasUrl"":false}"
249dc72d-7c0b-4964-b1fd-598b45fc3e07,2026-03-09 01:33:14.77713+00,d_90077fdd59ca98_1773019990289,,auth,oauth_start,"{""redirectPath"":""auth/callback""}"
25171ab6-8f12-4d6f-8520-75a5c114afb8,2026-04-12 07:44:17.280684+00,d_d58ef8ba3f26c_1775979811595,,auth,oauth_return_cached,"{""hasUrl"":false}"
25ade4b8-9f43-4760-8577-f67c71ac8889,2026-01-31 17:12:47.853474+00,d_f49572ecb3eed_1769879534830,,auth,oauth_start,"{""redirectPath"":""auth/callback""}"
25b88d1e-4dfd-4b4f-803e-0297bcb88274,2026-02-23 01:06:54.291649+00,d_e0634008d876f8_1769957310244,,auth,oauth_url_ready,"{""hasUrl"":true}"
25d62756-939b-42fa-afd6-8d00b41d3834,2026-02-09 07:29:59.77371+00,d_e3f6bd9b651ef8_1770622140509,,auth,google_press,{}
26400eb5-1869-46d6-8da3-4936b00a6d64,2026-01-31 16:09:09.140223+00,d_cb6e7b94aa0f3_1769875747558,,auth,oauth_return_cached,"{""hasUrl"":false}"
26f51e4c-07f0-4350-8034-ab9538e6e216,2026-02-15 00:01:23.482269+00,d_b13f7b1650643_1771113682055,,auth,oauth_url_ready,"{""hasUrl"":true}"
26fb130f-0954-4d72-9009-55e51193cd73,2026-02-06 03:50:13.157188+00,d_92aeae8834de68_1770349811718,,auth,oauth_return_cached,"{""hasUrl"":false}"
27af7d39-48fd-4b94-b52b-4a8683792e84,2026-02-08 18:49:03.936519+00,d_c234f7244a1b3_1770576543859,,auth,google_press,{}
280e9b56-9aa9-450e-96d3-7fb74f853ac7,2026-02-09 07:29:01.83752+00,d_e3f6bd9b651ef8_1770622140509,,auth,oauth_return_cached,"{""hasUrl"":false}"
2816e980-b543-4638-9265-719d1b844d2f,2026-05-01 02:44:30.205296+00,d_6e76d4efaf2838_1777603250861,,auth,google_press,{}
283af2c1-12b5-4587-84d2-505aef993a1b,2026-02-23 22:55:21.072737+00,d_ebb7d953f2bc28_1771887281124,,auth,oauth_url_ready,"{""hasUrl"":true}"
29825d42-d44e-4b55-b1b2-9773b0b5e3dd,2026-01-31 19:47:48.43061+00,d_fae7f7b5967e48_1769888868373,,auth,google_press,{}
2a0e5861-a7ef-49a9-b0b3-d98f7323ccc7,2026-04-12 07:44:47.854352+00,d_d58ef8ba3f26c_1775979811595,,auth,oauth_url_ready,"{""hasUrl"":true}"
2a667237-cce6-4e61-b7ae-d1436c2a4a48,2026-02-23 22:55:53.940888+00,d_ebb7d953f2bc28_1771887281124,,auth,oauth_url_ready,"{""hasUrl"":true}"
2a82f4d8-e522-417d-b3ab-ac77a4b837db,2026-02-19 17:54:37.089277+00,d_651344fcaecbdc_1771523668969,,auth,oauth_return_cached,"{""hasUrl"":true}"
2ab08f2d-2d2e-4342-abd6-008deb52501e,2026-02-11 09:21:27.696581+00,d_cc61f970a326b8_1770801687209,,auth,oauth_url_ready,"{""hasUrl"":true}"
2b7b3ed0-ed97-4fde-a315-28b11a88a12f,2026-02-23 18:48:44.832875+00,d_12cb9026449cdd_1771872435205,,auth,oauth_url_ready,"{""hasUrl"":true}"
2bb3c091-19bc-4453-9ec2-bf6856b33a02,2026-06-23 01:54:20.891462+00,d_eb04f65dbc80d8_1774135538176,186df23b-6cbd-40b1-a921-430921a73e9c,privacy,social_opt_out_setting_viewed,"{""value"":false,""source_screen"":""settings"",""canAppearSocially"":true}"
2bdd1565-f9b3-4ad2-a222-325d607597ed,2026-02-11 09:22:13.482837+00,d_cc61f970a326b8_1770801687209,,auth,oauth_return_cached,"{""hasUrl"":false}"
2c55d923-e558-49d0-aa79-fd8458ed1ead,2026-02-28 14:48:35.076214+00,d_b1da13429509b8_1772290103532,,auth,google_press,{}
2c7b9d9a-ec56-4129-8a2b-278a98ea36b7,2026-05-01 02:43:12.540907+00,d_6e76d4efaf2838_1777603250861,,auth,oauth_start,"{""redirectPath"":""auth/callback""}"
2cc7b5df-acd2-4a24-af06-d16a277dfcc1,2026-02-23 22:55:20.775842+00,d_ebb7d953f2bc28_1771887281124,,auth,google_press,{}
2d1ae4e1-03a0-4418-affd-9d67102de0ce,2026-01-31 17:12:40.458665+00,d_f49572ecb3eed_1769879534830,,auth,webbrowser_result,"{""type"":""cancel"",""hasUrl"":false}"
2d276ff2-ac2f-45c2-adca-52f40ec64e3f,2026-01-31 16:09:08.230447+00,d_cb6e7b94aa0f3_1769875747558,,auth,google_press,{}
2d5a72c0-c4f4-4a93-a967-c07a0e229532,2026-02-23 19:46:41.971991+00,d_c378e05089bfc_1771875886770,,auth,webbrowser_result,"{""type"":""cancel"",""hasUrl"":false}"
2df987ac-a998-448e-9629-360c39862516,2026-02-15 00:01:37.918358+00,d_b13f7b1650643_1771113682055,,auth,webbrowser_result,"{""type"":""dismiss"",""hasUrl"":false}"
2e48d8cb-ef1b-4e2e-97fa-d101ae131fae,2026-02-23 18:47:19.17367+00,d_12cb9026449cdd_1771872435205,,auth,webbrowser_result,"{""type"":""cancel"",""hasUrl"":false}"
2e723ff8-3b75-4bb5-914a-f905a8f8c763,2026-05-01 02:42:30.960584+00,d_6e76d4efaf2838_1777603250861,,auth,webbrowser_result,"{""type"":""dismiss"",""hasUrl"":false}"
2f053db6-0125-4cfc-8f81-c5b632bd6392,2026-02-23 19:45:12.440515+00,d_c378e05089bfc_1771875886770,,auth,google_press,{}
2f88789c-30ce-4b38-a652-c4e28c4ba58d,2026-02-23 18:48:26.38764+00,d_12cb9026449cdd_1771872435205,,auth,webbrowser_result,"{""type"":""cancel"",""hasUrl"":false}"
306cc573-df3b-4537-bd9b-b78053214d9b,2026-05-01 02:51:38.233582+00,d_6e76d4efaf2838_1777603250861,,auth,oauth_url_ready,"{""hasUrl"":true}"
307d6f13-6f28-4bd1-9ea0-cf887d1ab0f4,2026-02-23 22:55:37.454869+00,d_ebb7d953f2bc28_1771887281124,,auth,oauth_return_cached,"{""hasUrl"":false}"
3095a41c-8e9b-4fe7-9b01-744b27a46fe3,2026-02-02 00:31:09.287274+00,d_13f57e58d22a7c_1769992259071,,auth,oauth_return_cached,"{""hasUrl"":true}"
30c029f5-2834-45b2-ab54-b0fc61190bf6,2026-03-07 01:22:06.504957+00,d_6c9e7484c59f28_1772846526142,,auth,oauth_start,"{""redirectPath"":""auth/callback""}"
31117564-910a-4da8-8b5e-d2b680ef2372,2026-02-13 17:20:22.315289+00,d_88b3688526179_1771003203273,,auth,oauth_return_cached,"{""hasUrl"":false}"
31303796-4176-47fc-bc8a-87d7c542601b,2026-02-11 09:21:28.871765+00,d_cc61f970a326b8_1770801687209,,auth,webbrowser_result,"{""type"":""cancel"",""hasUrl"":false}"
31f8ba36-b978-41f1-8151-cf8935172799,2026-06-23 02:00:47.035684+00,d_eb04f65dbc80d8_1774135538176,186df23b-6cbd-40b1-a921-430921a73e9c,facebook,facebook_final_ui_state,"{""source"":""users"",""identityConnected"":false,""persistedConnected"":false}"
326bfad2-47d2-45bc-99de-a96bae07fa70,2026-01-31 17:12:51.414851+00,d_f49572ecb3eed_1769879534830,,auth,oauth_url_ready,"{""hasUrl"":true}"
328b0793-eb81-4c79-bb53-ee771d96025e,2026-02-22 23:33:05.856173+00,d_393ab8b7ce893a_1771803171721,,auth,oauth_return_cached,"{""hasUrl"":false}"
32aeb2c7-0fb5-4a40-8dad-f69dbdd5b245,2026-02-13 17:20:29.902464+00,d_88b3688526179_1771003203273,,auth,oauth_return_cached,"{""hasUrl"":false}"
330cfe6a-fa68-40f3-b320-fa51d217db4d,2026-02-23 18:48:59.098507+00,d_12cb9026449cdd_1771872435205,,auth,oauth_start,"{""redirectPath"":""auth/callback""}"
3323ac46-eea0-4b88-b69d-354ae7631757,2026-02-28 14:48:55.905864+00,d_b1da13429509b8_1772290103532,,auth,oauth_url_ready,"{""hasUrl"":true}"
332c2336-c615-43a9-b580-3776e49fbe1b,2026-02-23 18:49:14.155957+00,d_12cb9026449cdd_1771872435205,,auth,oauth_url_ready,"{""hasUrl"":true}"
339e6873-2024-46f5-9c64-84d10e3ed62b,2026-02-23 19:45:40.110929+00,d_c378e05089bfc_1771875886770,,auth,google_press,{}
33ad29d6-d53e-49b2-a614-93ce2d721627,2026-02-28 14:48:24.567497+00,d_b1da13429509b8_1772290103532,,auth,oauth_return_cached,"{""hasUrl"":false}"
33ce68f0-6a4f-4570-828b-6df7d8ebc3ab,2026-02-23 19:45:23.530757+00,d_c378e05089bfc_1771875886770,,auth,google_press,{}
342380af-568d-484a-b721-d9a7a01d870c,2026-05-01 12:33:38.643571+00,d_e1642ee7780ac_1777638750403,,auth,oauth_return_cached,"{""hasUrl"":false}"
343ec300-0878-48e4-8efa-1e6e788dc08b,2026-06-23 01:56:50.171134+00,d_eb04f65dbc80d8_1774135538176,186df23b-6cbd-40b1-a921-430921a73e9c,facebook,facebook_oauth_url_opened,"{""hasUrl"":true,""redirectKind"":""native""}"
355c6bc5-89f1-46d2-951a-ac2bafe22bfb,2026-02-18 21:40:50.548612+00,d_e0634008d876f8_1769957310244,,auth,oauth_url_ready,"{""hasUrl"":true}"
35a0dd13-8fda-4150-87f9-691809945049,2026-06-23 02:00:47.000984+00,d_eb04f65dbc80d8_1774135538176,186df23b-6cbd-40b1-a921-430921a73e9c,facebook,facebook_final_ui_state,"{""source"":""users"",""identityConnected"":false,""persistedConnected"":false}"
35dce174-8a9a-43dc-9e60-ade6bc14551a,2026-01-31 17:12:16.01573+00,d_f49572ecb3eed_1769879534830,,auth,webbrowser_result,"{""type"":""cancel"",""hasUrl"":false}"
35dd95f5-7f35-4a81-b929-1974790d1cbd,2026-02-13 17:20:44.478297+00,d_88b3688526179_1771003203273,,auth,google_press,{}
35f33734-d3da-4ae2-98c1-9fb6d5e19c1b,2026-02-23 22:55:37.084544+00,d_ebb7d953f2bc28_1771887281124,,auth,oauth_url_ready,"{""hasUrl"":true}"
368c8e64-f41d-4097-ac65-0f38811ce345,2026-01-31 22:55:15.093122+00,d_f4480580f62e38_1769900114423,,auth,oauth_url_ready,"{""hasUrl"":true}"
36b71bc7-dbb0-42e4-b40d-03ce82b189d9,2026-01-31 17:13:25.195935+00,d_f49572ecb3eed_1769879534830,,auth,webbrowser_result,"{""type"":""cancel"",""hasUrl"":false}"
36bb8d31-4d25-48e2-a450-2a2bbc9ca703,2026-04-05 23:58:07.372557+00,d_9100d1cfba86d8_1775433471923,,auth,oauth_return_cached,"{""hasUrl"":false}"
370758c9-6e1b-41cd-9201-d70affb57e7d,2026-01-31 17:12:27.726008+00,d_f49572ecb3eed_1769879534830,,auth,webbrowser_result,"{""type"":""cancel"",""hasUrl"":false}"
3723fd7a-f27f-4fe4-b224-858fdc9691e6,2026-02-23 18:47:56.889626+00,d_12cb9026449cdd_1771872435205,,auth,oauth_return_cached,"{""hasUrl"":false}"
372480dd-a2c0-4c7b-b3e7-3323c89aee3e,2026-02-28 14:48:30.833095+00,d_b1da13429509b8_1772290103532,,auth,oauth_start,"{""redirectPath"":""auth/callback""}"
374749d2-2d83-4e26-b338-e40ccaff24f3,2026-02-23 19:45:03.025265+00,d_c378e05089bfc_1771875886770,,auth,webbrowser_result,"{""type"":""cancel"",""hasUrl"":false}"
37a7cac1-1670-4596-b414-f41fd5e5b076,2026-03-09 01:33:11.480336+00,d_90077fdd59ca98_1773019990289,,auth,oauth_url_ready,"{""hasUrl"":true}"
383816ee-701f-4182-a4a8-4a1087137f75,2026-05-01 02:40:53.062758+00,d_6e76d4efaf2838_1777603250861,,auth,oauth_start,"{""redirectPath"":""auth/callback""}"
38770f51-629c-4185-8ff3-512243f7bcd9,2026-02-23 22:56:02.841536+00,d_ebb7d953f2bc28_1771887281124,,auth,oauth_url_ready,"{""hasUrl"":true}"
38969b9b-1817-4ecf-9e27-cfdd0bace52b,2026-02-28 14:48:38.862692+00,d_b1da13429509b8_1772290103532,,auth,oauth_return_cached,"{""hasUrl"":false}"
38ac843a-ced0-4be8-bb38-66a86225b96d,2026-02-23 18:48:59.459201+00,d_12cb9026449cdd_1771872435205,,auth,webbrowser_result,"{""type"":""cancel"",""hasUrl"":false}"
391ec418-6e27-49ca-a335-b0f109d658fc,2026-02-28 14:48:50.876158+00,d_b1da13429509b8_1772290103532,,auth,webbrowser_result,"{""type"":""cancel"",""hasUrl"":false}"
39363a65-f773-4593-ae31-900794feeca1,2026-02-23 18:47:21.600325+00,d_12cb9026449cdd_1771872435205,,auth,oauth_url_ready,"{""hasUrl"":true}"
398a44bf-97db-4f20-b674-57e3493bc60f,2026-05-01 01:59:15.88576+00,d_06f9741747fd08_1777600315849,,auth,google_press,{}
39b9ba5a-edd7-42bf-9237-98741d4b7d4d,2026-04-05 23:57:52.885298+00,d_9100d1cfba86d8_1775433471923,,auth,webbrowser_result,"{""type"":""cancel"",""hasUrl"":false}"
3a00fb0f-a87b-4099-9499-4f1fbe8a12be,2026-02-23 19:44:47.180439+00,d_c378e05089bfc_1771875886770,,auth,oauth_start,"{""redirectPath"":""auth/callback""}"
3a07c963-bc85-405b-a2cd-521ca167eacb,2026-02-23 18:47:26.877659+00,d_12cb9026449cdd_1771872435205,,auth,oauth_start,"{""redirectPath"":""auth/callback""}"
3a1f5567-0324-49c5-ab5a-abe7dd94413e,2026-02-23 00:40:26.6114+00,d_addc5209c81648_1771807205291,,auth,oauth_url_ready,"{""hasUrl"":true}"
3ab8f001-5609-46b9-aa25-81dc6ff405bf,2026-02-24 00:14:39.957149+00,d_e0634008d876f8_1769957310244,,auth,oauth_start,"{""redirectPath"":""auth/callback""}"
3abe01d9-ed79-4a92-8a61-715b056251b0,2026-02-23 19:44:58.055832+00,d_c378e05089bfc_1771875886770,,auth,oauth_url_ready,"{""hasUrl"":true}"
3ae039cc-8cb6-46a6-910c-7ff5d7e09a48,2026-02-23 00:40:37.37621+00,d_addc5209c81648_1771807205291,,auth,oauth_return_cached,"{""hasUrl"":false}"
3c86ced6-e721-45e3-8552-1ac8eb638e2c,2026-05-07 20:44:21.067511+00,d_eb04f65dbc80d8_1774135538176,,auth,oauth_url_ready,"{""hasUrl"":true}"
3ca63397-ccfb-4d23-80ed-c002e5b096da,2026-02-23 00:40:16.328727+00,d_addc5209c81648_1771807205291,,auth,oauth_return_cached,"{""hasUrl"":false}"
3cb12b7e-cedc-492f-8703-fd53548b2c4e,2026-02-28 14:48:30.723186+00,d_b1da13429509b8_1772290103532,,auth,google_press,{}
3cb77bba-65b8-45e7-b76a-2c69b84f2d2e,2026-05-01 02:38:15.348493+00,d_cab8ad71ebf46_1777603027665,,auth,oauth_start,"{""redirectPath"":""auth/callback""}"
3d179c63-26d9-4784-a58e-6ea89315a33a,2026-02-28 14:48:42.214015+00,d_b1da13429509b8_1772290103532,,auth,webbrowser_result,"{""type"":""cancel"",""hasUrl"":false}"
3d4502c7-65a0-494e-8866-2b9981fcb082,2026-01-31 16:10:02.433437+00,d_406c3649dcd6a_1769875794775,,auth,webbrowser_result,"{""type"":""success"",""hasUrl"":true}"
3d8b5514-298b-4f63-9ea1-cb3b1e071db2,2026-02-23 19:45:55.692717+00,d_c378e05089bfc_1771875886770,,auth,google_press,{}
3e187e8d-ddf0-449d-aab1-462a438ba064,2026-02-13 17:20:29.459696+00,d_88b3688526179_1771003203273,,auth,oauth_start,"{""redirectPath"":""auth/callback""}"
3e1f0d29-6560-424e-a506-d3d0d30cf4c5,2026-02-11 09:21:27.343664+00,d_cc61f970a326b8_1770801687209,,auth,google_press,{}
3e5cefa3-f8b1-4d5a-863a-8c6875c9d7c5,2026-02-23 18:48:00.78852+00,d_12cb9026449cdd_1771872435205,,auth,oauth_start,"{""redirectPath"":""auth/callback""}"
3ecebfd7-9f22-4cfd-9b3d-227d2c018286,2026-02-09 07:30:00.44372+00,d_e3f6bd9b651ef8_1770622140509,,auth,oauth_return_cached,"{""hasUrl"":false}"
3ef303b3-d30a-4a7c-8749-d15a06281aff,2026-02-23 19:44:57.814222+00,d_c378e05089bfc_1771875886770,,auth,google_press,{}
3ef8d996-2bad-4d67-a4ad-e5b9699c2773,2026-06-23 01:54:43.346689+00,d_eb04f65dbc80d8_1774135538176,186df23b-6cbd-40b1-a921-430921a73e9c,privacy,social_opt_out_setting_viewed,"{""value"":false,""source_screen"":""settings"",""canAppearSocially"":true}"
3efc3085-e1d5-4bd6-99c8-c362cc0ed5ba,2026-02-08 18:52:43.599243+00,d_5eb5561a1db184_1770576763443,,auth,oauth_start,"{""redirectPath"":""auth/callback""}"
3f67931f-e177-40f6-9986-5059680974a9,2026-01-31 17:13:41.486814+00,d_f49572ecb3eed_1769879534830,,auth,oauth_url_ready,"{""hasUrl"":true}"
3f79f284-57cf-46b5-a030-77f4c5ab2493,2026-02-23 19:45:48.868038+00,d_c378e05089bfc_1771875886770,,auth,oauth_return_cached,"{""hasUrl"":false}"
3fbb055e-b3c9-44dc-b0ed-6dbb7fee55a8,2026-02-13 17:20:29.796341+00,d_88b3688526179_1771003203273,,auth,webbrowser_result,"{""type"":""cancel"",""hasUrl"":false}"
3fd13c75-c207-411b-9eb8-dee6995329d5,2026-04-05 23:57:58.408921+00,d_9100d1cfba86d8_1775433471923,,auth,webbrowser_result,"{""type"":""cancel"",""hasUrl"":false}"
3fd64425-3284-49fc-ac69-2df8986ffdbe,2026-01-31 17:13:03.673008+00,d_f49572ecb3eed_1769879534830,,auth,google_press,{}
40997f47-a494-446c-8d04-b15a60bda23e,2026-02-23 18:47:21.446162+00,d_12cb9026449cdd_1771872435205,,auth,oauth_start,"{""redirectPath"":""auth/callback""}"
411446df-ef8c-4e6d-8a2a-739f2d41abea,2026-02-28 14:49:02.493098+00,d_b1da13429509b8_1772290103532,,auth,oauth_url_ready,"{""hasUrl"":true}"
414e354a-5ef4-4400-a90f-1c8b1497f2c1,2026-05-01 02:51:45.719114+00,d_6e76d4efaf2838_1777603250861,,auth,webbrowser_result,"{""type"":""dismiss"",""hasUrl"":false}"
414f8f53-7d12-4ea3-aa3b-69ee3ca1ce41,2026-02-23 18:47:18.59447+00,d_12cb9026449cdd_1771872435205,,auth,google_press,{}
421e6900-8554-4dc6-b60d-7c125ad491e3,2026-06-23 01:54:45.324683+00,d_eb04f65dbc80d8_1774135538176,186df23b-6cbd-40b1-a921-430921a73e9c,facebook,facebook_oauth_url_opened,"{""hasUrl"":true,""redirectKind"":""native""}"
4231749f-26cc-47b0-86a6-60f30dcc7ab5,2026-02-22 00:37:50.274994+00,d_d123e33159b38_1771720593478,,auth,oauth_return_cached,"{""hasUrl"":true}"
42dafb7f-ff8f-4763-b321-db7e69927f2f,2026-02-09 07:29:00.580995+00,d_e3f6bd9b651ef8_1770622140509,,auth,google_press,{}
42efebed-6c6b-4fe8-8afa-7fbca3cbe174,2026-02-28 14:48:50.623349+00,d_b1da13429509b8_1772290103532,,auth,oauth_url_ready,"{""hasUrl"":true}"
42fc97ed-a65c-4dd0-99a9-74e7bbbb4d35,2026-01-31 17:12:39.930348+00,d_f49572ecb3eed_1769879534830,,auth,google_press,{}
430d1e44-efa9-4e01-a344-12e7076c03fe,2026-02-23 18:48:20.018155+00,d_12cb9026449cdd_1771872435205,,auth,oauth_return_cached,"{""hasUrl"":false}"
43a0ebbb-41e3-458e-92f1-00607206baa5,2026-04-06 03:13:01.973416+00,d_354575e1ef8b48_1775445148888,,auth,oauth_return_cached,"{""hasUrl"":false}"
442b31dd-be6a-473f-b003-5c2354fb39bd,2026-02-28 14:48:59.880562+00,d_b1da13429509b8_1772290103532,,auth,oauth_url_ready,"{""hasUrl"":true}"
44407b78-7bad-488e-946a-f0f332ff9926,2026-04-06 03:12:29.658623+00,d_354575e1ef8b48_1775445148888,,auth,webbrowser_result,"{""type"":""cancel"",""hasUrl"":false}"
446922ee-462f-4831-b3bd-f89d2e638118,2026-02-23 19:46:15.202706+00,d_c378e05089bfc_1771875886770,,auth,webbrowser_result,"{""type"":""cancel"",""hasUrl"":false}"
44a2bf4f-27b6-4c17-8d0f-590b4fa33786,2026-02-23 22:55:50.520568+00,d_ebb7d953f2bc28_1771887281124,,auth,oauth_url_ready,"{""hasUrl"":true}"
44c5b479-0377-4213-8912-f63ebb6c4925,2026-02-28 14:48:41.802228+00,d_b1da13429509b8_1772290103532,,auth,google_press,{}
45034a47-2a74-4d35-9135-93f6d8787c77,2026-04-05 23:58:02.737373+00,d_9100d1cfba86d8_1775433471923,,auth,oauth_start,"{""redirectPath"":""auth/callback""}"
450735bb-f9ae-419b-b376-8a2a13431c28,2026-02-13 17:20:29.34999+00,d_88b3688526179_1771003203273,,auth,google_press,{}
454d9b62-9a66-4e7e-87a5-a670926ee08b,2026-02-11 09:22:13.347766+00,d_cc61f970a326b8_1770801687209,,auth,webbrowser_result,"{""type"":""cancel"",""hasUrl"":false}"
45981e53-1925-4f3b-94b7-e2317cb7a794,2026-02-23 00:40:26.471324+00,d_addc5209c81648_1771807205291,,auth,oauth_start,"{""redirectPath"":""auth/callback""}"
45de9069-52a8-46e4-8976-d5227b5efe4e,2026-02-23 18:47:31.968223+00,d_12cb9026449cdd_1771872435205,,auth,webbrowser_result,"{""type"":""cancel"",""hasUrl"":false}"
45e7fc2b-9f54-434d-bc29-07d069cda07a,2026-02-23 22:56:10.477195+00,d_ebb7d953f2bc28_1771887281124,,auth,google_press,{}
45f3b613-f96f-483a-b2a9-37e4f799ad71,2026-05-01 01:59:41.164229+00,d_06f9741747fd08_1777600315849,,auth,google_press,{}
46645a93-1be4-4c3b-a7fc-030a6af0813b,2026-01-31 17:12:16.208513+00,d_f49572ecb3eed_1769879534830,,auth,oauth_return_cached,"{""hasUrl"":false}"
467e2183-61bd-4776-93ec-d90936502f53,2026-02-22 23:33:59.968769+00,d_393ab8b7ce893a_1771803171721,,auth,google_press,{}
46c75aca-1c26-4de9-be24-1df166b5b026,2026-02-23 22:56:02.730738+00,d_ebb7d953f2bc28_1771887281124,,auth,oauth_start,"{""redirectPath"":""auth/callback""}"
46f0f660-8435-4c01-863d-051a76be8dfc,2026-02-02 15:37:14.563491+00,d_f656db4f22d8a_1770046634249,,auth,oauth_url_ready,"{""hasUrl"":true}"
4784d4d0-f527-4fc7-94ba-057dba9eae87,2026-02-23 19:44:58.375123+00,d_c378e05089bfc_1771875886770,,auth,oauth_return_cached,"{""hasUrl"":false}"
47a5aa74-69d9-47da-936a-de1404997c3e,2026-02-23 18:48:03.646315+00,d_12cb9026449cdd_1771872435205,,auth,webbrowser_result,"{""type"":""cancel"",""hasUrl"":false}"
4829e9ff-38a7-4f55-9c3a-f73e4a0ef868,2026-06-23 01:54:42.71753+00,d_eb04f65dbc80d8_1774135538176,186df23b-6cbd-40b1-a921-430921a73e9c,facebook,facebook_final_ui_state,"{""source"":""users"",""identityConnected"":false,""persistedConnected"":false}"
48375fbb-194c-4625-b2ac-b83e2ac1152b,2026-05-01 12:32:36.924821+00,d_e1642ee7780ac_1777638750403,,auth,webbrowser_result,"{""type"":""dismiss"",""hasUrl"":false}"
48465ff6-ff98-4ce4-8dc9-33ed25a56c91,2026-02-11 09:22:21.517064+00,d_cc61f970a326b8_1770801687209,,auth,oauth_start,"{""redirectPath"":""auth/callback""}"
4849019d-a719-4fef-8808-c45459b9e1e7,2026-02-23 19:44:51.710627+00,d_c378e05089bfc_1771875886770,,auth,google_press,{}
48a264f9-163e-4b25-8ebd-d315835b884b,2026-05-01 02:43:37.576382+00,d_6e76d4efaf2838_1777603250861,,auth,webbrowser_result,"{""type"":""dismiss"",""hasUrl"":false}"
49081739-35ef-4e50-8782-7acb2fbf0ea9,2026-05-01 02:51:08.218301+00,d_6e76d4efaf2838_1777603250861,,auth,oauth_return_cached,"{""hasUrl"":false}"
491533ce-8327-404b-969c-5508113dd085,2026-04-05 23:58:06.959799+00,d_9100d1cfba86d8_1775433471923,,auth,oauth_start,"{""redirectPath"":""auth/callback""}"
4930a1af-e2cf-4c2a-9f81-523b75616026,2026-02-28 14:48:31.279705+00,d_b1da13429509b8_1772290103532,,auth,oauth_return_cached,"{""hasUrl"":false}"
4962edc1-8fac-47a0-8043-d8b1e57f463b,2026-04-06 03:13:01.378279+00,d_354575e1ef8b48_1775445148888,,auth,google_press,{}
497727f4-c7a9-4eeb-9c9b-34226c41dc2b,2026-02-23 19:45:40.335985+00,d_c378e05089bfc_1771875886770,,auth,oauth_url_ready,"{""hasUrl"":true}"
49844478-1029-485e-8bf8-d875e6a64eb3,2026-04-12 07:44:48.206776+00,d_d58ef8ba3f26c_1775979811595,,auth,oauth_return_cached,"{""hasUrl"":false}"
49844781-8531-405d-8338-8a97a337ed6b,2026-02-23 00:40:16.209217+00,d_addc5209c81648_1771807205291,,auth,webbrowser_result,"{""type"":""cancel"",""hasUrl"":false}"
49938dcb-2dc3-48e4-8d62-2dd62b9efc10,2026-02-23 19:45:56.294844+00,d_c378e05089bfc_1771875886770,,auth,oauth_return_cached,"{""hasUrl"":false}"
49f159ef-e5f7-4d00-9c2c-27fe413b4fb8,2026-02-23 22:56:42.928746+00,d_ebb7d953f2bc28_1771887281124,,auth,oauth_return_cached,"{""hasUrl"":false}"
4a722215-a731-414c-9e48-e86015fa5e40,2026-05-01 02:37:09.398906+00,d_cab8ad71ebf46_1777603027665,,auth,oauth_url_ready,"{""hasUrl"":true}"
4aa90a87-d751-4f9e-8ae6-5af6d8868673,2026-05-01 02:48:59.37868+00,d_6e76d4efaf2838_1777603250861,,auth,oauth_start,"{""redirectPath"":""auth/callback""}"
4b14547c-5d45-4611-9999-217ec6961ace,2026-01-31 17:12:27.288524+00,d_f49572ecb3eed_1769879534830,,auth,oauth_start,"{""redirectPath"":""auth/callback""}"
4b27737f-ca11-4c9e-8efe-5bb8d1a10baf,2026-02-23 22:55:37.342834+00,d_ebb7d953f2bc28_1771887281124,,auth,webbrowser_result,"{""type"":""cancel"",""hasUrl"":false}"
4b662f2f-3930-4071-a715-0509ff154b30,2026-04-05 23:58:03.196528+00,d_9100d1cfba86d8_1775433471923,,auth,oauth_return_cached,"{""hasUrl"":false}"
4b834fed-2dad-45f9-aaef-d86a44518946,2026-02-23 22:56:30.306063+00,d_ebb7d953f2bc28_1771887281124,,auth,oauth_return_cached,"{""hasUrl"":false}"
4b9330de-9207-452b-8cd3-2191ab361c45,2026-02-23 18:47:22.047695+00,d_12cb9026449cdd_1771872435205,,auth,oauth_return_cached,"{""hasUrl"":false}"
4ba43b3f-d471-4373-83fa-052eb385e513,2026-02-23 22:55:30.28263+00,d_ebb7d953f2bc28_1771887281124,,auth,webbrowser_result,"{""type"":""cancel"",""hasUrl"":false}"
4bd27e39-1070-4498-8923-ef7cb914696f,2026-05-01 02:36:57.448291+00,d_acacb29dc49e98_1777603011477,,auth,webbrowser_result,"{""type"":""dismiss"",""hasUrl"":false}"
4c04547b-9dcd-4207-8965-1c6f84f933a5,2026-01-31 19:47:48.561493+00,d_fae7f7b5967e48_1769888868373,,auth,oauth_start,"{""redirectPath"":""auth/callback""}"
4c2a6407-005a-4fc3-b7a1-ba4c84ff60e7,2026-02-23 19:44:51.876145+00,d_c378e05089bfc_1771875886770,,auth,oauth_start,"{""redirectPath"":""auth/callback""}"
4c43eb3d-e80c-4de6-b974-777c8cbec818,2026-02-23 00:40:15.816634+00,d_addc5209c81648_1771807205291,,auth,oauth_start,"{""redirectPath"":""auth/callback""}"
4c7cb9c2-9038-4239-9118-776d643b8a65,2026-02-23 19:45:23.654985+00,d_c378e05089bfc_1771875886770,,auth,oauth_start,"{""redirectPath"":""auth/callback""}"
4cb056cd-f298-48d5-bd03-66ccf44f240a,2026-01-31 22:55:14.914881+00,d_f4480580f62e38_1769900114423,,auth,oauth_start,"{""redirectPath"":""auth/callback""}"
4ccd13c9-35d9-4d16-9aa4-6532c3900241,2026-05-01 02:41:06.866935+00,d_6e76d4efaf2838_1777603250861,,auth,webbrowser_result,"{""type"":""dismiss"",""hasUrl"":false}"
4d69204a-9fbc-4624-bc50-8fcb77bae52c,2026-06-16 12:20:00.738659+00,d_eb04f65dbc80d8_1774135538176,,auth,oauth_url_ready,"{""hasUrl"":true}"
4d7a9d83-992b-484f-9dc8-a50bcdb8bd81,2026-05-01 01:59:41.460401+00,d_06f9741747fd08_1777600315849,,auth,oauth_url_ready,"{""hasUrl"":true}"
4e0146f0-98be-4288-965a-8e76c21c483d,2026-02-23 18:48:36.466541+00,d_12cb9026449cdd_1771872435205,,auth,oauth_return_cached,"{""hasUrl"":false}"
4e2fbe97-f4bd-45a1-9524-f3f55f3265db,2026-02-15 00:01:38.431323+00,d_b13f7b1650643_1771113682055,,auth,oauth_return_cached,"{""hasUrl"":false}"
4fae3f94-3586-4a5b-8bde-694fc88f6b0c,2026-02-28 14:48:35.565549+00,d_b1da13429509b8_1772290103532,,auth,oauth_return_cached,"{""hasUrl"":false}"
4fc4f80f-bc5f-415b-bb26-205f7fcb40d6,2026-05-01 12:32:37.31099+00,d_e1642ee7780ac_1777638750403,,auth,oauth_return_cached,"{""hasUrl"":false}"
501e60d9-74bc-48e3-a312-dbffa5fe77f0,2026-03-07 01:22:06.274001+00,d_6c9e7484c59f28_1772846526142,,auth,google_press,{}
50976a4a-e083-4fc1-8eed-60a59e01e0d5,2026-02-23 19:45:55.93707+00,d_c378e05089bfc_1771875886770,,auth,oauth_url_ready,"{""hasUrl"":true}"
50a52cb2-544e-45e2-aec7-938b7965474a,2026-02-19 17:54:29.082631+00,d_651344fcaecbdc_1771523668969,,auth,oauth_url_ready,"{""hasUrl"":true}"
50b20a7b-b96c-449d-8bcb-d0823c07ccb6,2026-03-01 02:23:28.772011+00,d_a164d9344b7958_1772331808274,,auth,google_press,{}
51283dae-8e62-46e1-8694-98c047a6d8e8,2026-05-07 20:44:29.621528+00,d_eb04f65dbc80d8_1774135538176,,auth,webbrowser_result,"{""type"":""success"",""hasUrl"":true}"
515837da-dd42-4c33-b645-2dc794bc6874,2026-02-23 18:47:56.295379+00,d_12cb9026449cdd_1771872435205,,auth,google_press,{}
51753de4-ef89-4959-9865-8928bfafe62d,2026-02-23 19:45:12.645287+00,d_c378e05089bfc_1771875886770,,auth,oauth_url_ready,"{""hasUrl"":true}"
51fc7bd5-7b7c-4097-a409-7ac0aeb63256,2026-02-23 22:56:45.08547+00,d_ebb7d953f2bc28_1771887281124,,auth,oauth_start,"{""redirectPath"":""auth/callback""}"
5205158f-3c7d-4903-9833-ee1633a9826a,2026-05-01 01:48:20.626309+00,d_f707ff88c7d65_1777600098998,,auth,oauth_start,"{""redirectPath"":""auth/callback""}"
525b7a1c-f557-43a9-bc76-4283e4ddab74,2026-02-15 00:01:23.034004+00,d_b13f7b1650643_1771113682055,,auth,google_press,{}
52711ebb-e2bd-4a3a-b9f6-63227a450b69,2026-02-23 19:45:03.156564+00,d_c378e05089bfc_1771875886770,,auth,oauth_return_cached,"{""hasUrl"":false}"
52ec8bb0-f15a-440e-9dfe-232905d701ea,2026-02-28 14:49:02.80503+00,d_b1da13429509b8_1772290103532,,auth,oauth_return_cached,"{""hasUrl"":false}"
52fe4075-bae1-466c-883d-ce91853e54de,2026-01-31 17:13:38.804192+00,d_f49572ecb3eed_1769879534830,,auth,google_press,{}
53236e75-4154-477f-a346-142faae6275e,2026-02-22 23:33:55.332235+00,d_e072263008ba48_1771803169090,,auth,oauth_url_ready,"{""hasUrl"":true}"
536cefdc-fc2d-4f5d-b570-d568f0db17b3,2026-02-28 14:48:56.126401+00,d_b1da13429509b8_1772290103532,,auth,webbrowser_result,"{""type"":""cancel"",""hasUrl"":false}"
53977903-e657-44c2-9f05-87d3de931690,2026-05-01 02:51:37.539297+00,d_6e76d4efaf2838_1777603250861,,auth,google_press,{}
53a73be7-371a-4a17-87ac-57963da5ed4d,2026-01-31 23:03:46.342396+00,d_f4480580f62e38_1769900114423,,auth,oauth_return_cached,"{""hasUrl"":true}"
53c62be9-19ad-419f-90ef-32a4838925c6,2026-02-23 22:55:50.303336+00,d_ebb7d953f2bc28_1771887281124,,auth,google_press,{}
53c69bed-9484-4c49-929a-1fc8948a0145,2026-05-01 02:38:15.619189+00,d_cab8ad71ebf46_1777603027665,,auth,oauth_url_ready,"{""hasUrl"":true}"
54387a27-c28f-4c70-837b-93be6680190f,2026-02-23 00:40:15.952596+00,d_addc5209c81648_1771807205291,,auth,oauth_url_ready,"{""hasUrl"":true}"
544f6e1d-6652-49f1-9a1c-84232a480d4d,2026-01-31 17:12:48.329687+00,d_f49572ecb3eed_1769879534830,,auth,oauth_return_cached,"{""hasUrl"":false}"
5477462b-8a6c-4c59-a343-e89b6daba1a5,2026-04-06 03:12:29.164441+00,d_354575e1ef8b48_1775445148888,,auth,oauth_start,"{""redirectPath"":""auth/callback""}"
547815a9-1397-4f84-bd4c-c36992b1e795,2026-02-08 19:01:29.256205+00,d_e0634008d876f8_1769957310244,,auth,oauth_return_cached,"{""hasUrl"":true}"
549535f6-5ea1-4824-8368-5078cc6ab8c4,2026-01-31 17:13:41.366788+00,d_f49572ecb3eed_1769879534830,,auth,oauth_start,"{""redirectPath"":""auth/callback""}"
54ae96c7-b607-4f73-8b5e-c2cf21911a0e,2026-01-31 16:09:12.460992+00,d_cb6e7b94aa0f3_1769875747558,,auth,oauth_start,"{""redirectPath"":""auth/callback""}"
5523f0ee-8df1-4107-9b86-24971e045396,2026-04-06 03:12:33.950991+00,d_354575e1ef8b48_1775445148888,,auth,google_press,{}
5594edf4-3769-484b-a5bd-b2d0d0e537bb,2026-06-16 12:20:00.531386+00,d_eb04f65dbc80d8_1774135538176,,auth,oauth_start,"{""redirectPath"":""auth/callback""}"
56aa3756-6ad7-4ec8-8ac8-6c6d8e68205d,2026-02-23 22:55:10.070598+00,d_ebb7d953f2bc28_1771887281124,,auth,oauth_start,"{""redirectPath"":""auth/callback""}"
56bb1ff8-6cff-45bc-ad24-0a15f0617068,2026-02-23 19:45:12.994495+00,d_c378e05089bfc_1771875886770,,auth,oauth_return_cached,"{""hasUrl"":false}"
56d8cb8e-ee2f-440c-8fa0-ed13ddd1b0c4,2026-02-23 22:55:50.889643+00,d_ebb7d953f2bc28_1771887281124,,auth,oauth_return_cached,"{""hasUrl"":false}"
56fbabb4-df06-4e4c-bb9c-4bfc01ff3608,2026-02-11 09:22:21.640682+00,d_cc61f970a326b8_1770801687209,,auth,oauth_url_ready,"{""hasUrl"":true}"
5731a226-f3b2-4e65-911e-7986b9329da2,2026-05-01 02:36:53.845983+00,d_acacb29dc49e98_1777603011477,,auth,oauth_url_ready,"{""hasUrl"":true}"
579d2e7d-a9e8-400b-8efe-f58f443346d4,2026-02-23 22:56:03.093992+00,d_ebb7d953f2bc28_1771887281124,,auth,webbrowser_result,"{""type"":""cancel"",""hasUrl"":false}"
57aae683-9c08-4a1a-bb2c-e2f325a8b1ab,2026-05-01 01:55:27.085228+00,d_06f9741747fd08_1777600315849,,auth,oauth_url_ready,"{""hasUrl"":true}"
57de70f8-5099-4222-8a1a-4b8bc6e88b72,2026-02-22 23:34:02.8013+00,d_e072263008ba48_1771803169090,,auth,webbrowser_result,"{""type"":""dismiss"",""hasUrl"":false}"
5800c2c5-b7c0-4c16-b27f-0e55293003ed,2026-02-06 03:50:12.514563+00,d_92aeae8834de68_1770349811718,,auth,oauth_url_ready,"{""hasUrl"":true}"
583a2a19-e178-4e65-bc01-788f9b79f71c,2026-02-23 18:47:40.745466+00,d_12cb9026449cdd_1771872435205,,auth,oauth_url_ready,"{""hasUrl"":true}"
58b74213-e210-4f12-89cc-8c9ad5e8559d,2026-02-23 19:45:31.188888+00,d_c378e05089bfc_1771875886770,,auth,oauth_url_ready,"{""hasUrl"":true}"
5940b31a-5c8c-401b-940d-179dc88a2293,2026-03-09 01:33:15.326045+00,d_90077fdd59ca98_1773019990289,,auth,oauth_return_cached,"{""hasUrl"":false}"
5983189b-f36b-4eb6-8524-5128a2dc961e,2026-05-01 01:52:35.619882+00,d_06f9741747fd08_1777600315849,,auth,oauth_return_cached,"{""hasUrl"":false}"
59f03987-0324-4462-8cf6-ac18c9f1288a,2026-05-01 02:43:12.706541+00,d_6e76d4efaf2838_1777603250861,,auth,oauth_url_ready,"{""hasUrl"":true}"
5a4b1dd6-d088-4ce1-98f2-9e03b4996173,2026-02-23 00:40:11.148092+00,d_addc5209c81648_1771807205291,,auth,webbrowser_result,"{""type"":""cancel"",""hasUrl"":false}"
5a78959d-ef70-4f2f-a700-452d515ad831,2026-01-31 17:12:47.966161+00,d_f49572ecb3eed_1769879534830,,auth,oauth_url_ready,"{""hasUrl"":true}"
5ad1f775-4bee-4432-bb02-5f9eef45515b,2026-05-01 12:33:35.634357+00,d_e1642ee7780ac_1777638750403,,auth,oauth_url_ready,"{""hasUrl"":true}"
5b4546a8-1f71-4ecf-ac31-256eaa7217a8,2026-02-23 19:46:46.317393+00,d_c378e05089bfc_1771875886770,,auth,google_press,{}
5b82be62-fceb-4cfd-8921-8539dd01774d,2026-02-23 19:44:52.306314+00,d_c378e05089bfc_1771875886770,,auth,webbrowser_result,"{""type"":""cancel"",""hasUrl"":false}"
5bada364-a376-4155-b325-5b4f19c5f934,2026-01-31 17:13:35.554185+00,d_f49572ecb3eed_1769879534830,,auth,webbrowser_result,"{""type"":""cancel"",""hasUrl"":false}"
5bf0a101-eea9-4004-9c39-3f69c5bd7397,2026-02-23 18:49:01.349267+00,d_12cb9026449cdd_1771872435205,,auth,google_press,{}
5c112542-d682-4354-ac4b-275b719ca3c2,2026-03-09 01:33:14.917225+00,d_90077fdd59ca98_1773019990289,,auth,oauth_url_ready,"{""hasUrl"":true}"
5c39aa43-6967-4552-8081-8f5a777bae0c,2026-01-31 17:13:19.092556+00,d_f49572ecb3eed_1769879534830,,auth,oauth_start,"{""redirectPath"":""auth/callback""}"
5d96cea6-78f3-408f-bfcf-f92181d31eeb,2026-03-09 01:33:23.824508+00,d_90077fdd59ca98_1773019990289,,auth,oauth_start,"{""redirectPath"":""auth/callback""}"
5de1699c-9886-4f2c-af76-20f9ece7879a,2026-02-23 22:55:36.945532+00,d_ebb7d953f2bc28_1771887281124,,auth,oauth_start,"{""redirectPath"":""auth/callback""}"
5e24ade6-8260-448c-94bf-58d0cb5959a5,2026-05-16 20:32:42.104548+00,d_ed1c0a16706f7_1778963561827,,auth,oauth_start,"{""redirectPath"":""auth/callback""}"
5e525c1a-7cc2-4403-b7c9-c4638d5444aa,2026-02-02 01:46:34.500254+00,d_c9b7c3e838f8b8_1769996794087,,auth,oauth_start,"{""redirectPath"":""auth/callback""}"
5eca6c0e-a543-41e9-91cc-fa0d5a450a09,2026-02-23 19:45:17.34892+00,d_c378e05089bfc_1771875886770,,auth,oauth_url_ready,"{""hasUrl"":true}"
5efcba57-e098-4b6b-8c9f-59224a7325e4,2026-05-01 01:48:18.300205+00,d_8cc002dc2e51d_1777600095461,,auth,oauth_start,"{""redirectPath"":""auth/callback""}"
5efcfb3c-24ba-4e88-8dad-adc8caa6cefd,2026-05-01 02:42:04.510758+00,d_6e76d4efaf2838_1777603250861,,auth,google_press,{}
5f144777-5aa3-4bf5-b3d1-5c257c88b105,2026-02-02 00:31:09.139466+00,d_13f57e58d22a7c_1769992259071,,auth,webbrowser_result,"{""type"":""success"",""hasUrl"":true}"
5f3c136b-c789-40bb-860e-dee20c7611fc,2026-02-19 17:54:36.946277+00,d_651344fcaecbdc_1771523668969,,auth,webbrowser_result,"{""type"":""success"",""hasUrl"":true}"
5fc36aea-a70b-47a9-87c7-239a2b515810,2026-04-05 23:58:02.584183+00,d_9100d1cfba86d8_1775433471923,,auth,google_press,{}
602ebe0d-2157-474c-9192-9c2e12365756,2026-05-07 20:44:29.755726+00,d_eb04f65dbc80d8_1774135538176,,auth,oauth_return_cached,"{""hasUrl"":true}"
604a39ae-1547-4539-b863-f06d43cc66f4,2026-01-31 22:58:36.172728+00,d_f4480580f62e38_1769900114423,,auth,google_press,{}
6073b59b-b5bc-489d-9e6a-f58b7c27a32d,2026-02-01 14:48:40.381526+00,d_e0634008d876f8_1769957310244,,auth,oauth_return_cached,"{""hasUrl"":true}"
60a19e0d-a3c2-4dd8-800d-1658d64f1661,2026-03-09 01:33:24.335583+00,d_90077fdd59ca98_1773019990289,,auth,oauth_return_cached,"{""hasUrl"":false}"
60da5141-85f7-4c88-a7c6-3e86091fad8b,2026-02-02 00:30:59.408747+00,d_13f57e58d22a7c_1769992259071,,auth,oauth_start,"{""redirectPath"":""auth/callback""}"
60e27054-0d21-4ff4-b4f8-ec2b262d6ae4,2026-04-05 23:57:58.107531+00,d_9100d1cfba86d8_1775433471923,,auth,oauth_start,"{""redirectPath"":""auth/callback""}"
60f2b10f-2b08-4968-93a7-637609cbd14e,2026-04-05 23:57:54.943926+00,d_9100d1cfba86d8_1775433471923,,auth,oauth_start,"{""redirectPath"":""auth/callback""}"
60fd1d1b-1627-48af-a684-771e5babf99f,2026-02-28 14:48:38.774961+00,d_b1da13429509b8_1772290103532,,auth,webbrowser_result,"{""type"":""cancel"",""hasUrl"":false}"
610033dd-a573-4cec-9a7d-eec13cfb5fae,2026-02-23 22:56:45.18917+00,d_ebb7d953f2bc28_1771887281124,,auth,oauth_url_ready,"{""hasUrl"":true}"
61386f6c-79fc-4de6-a845-0f3477fb7219,2026-05-01 01:49:23.071578+00,d_f707ff88c7d65_1777600098998,,auth,oauth_url_ready,"{""hasUrl"":true}"
6142dcf4-f123-412f-aba9-dbe491e85a1e,2026-04-05 23:57:52.405466+00,d_9100d1cfba86d8_1775433471923,,auth,oauth_start,"{""redirectPath"":""auth/callback""}"
6151e6ba-f082-403d-8b1c-dff745288847,2026-05-16 20:32:41.931893+00,d_ed1c0a16706f7_1778963561827,,auth,google_press,{}
6185d927-6737-43ca-91cd-36f17020828e,2026-02-28 14:49:00.199281+00,d_b1da13429509b8_1772290103532,,auth,oauth_return_cached,"{""hasUrl"":false}"
619e7d81-a7fe-433f-8388-ac7ebcee4859,2026-02-02 15:37:14.476293+00,d_f656db4f22d8a_1770046634249,,auth,oauth_start,"{""redirectPath"":""auth/callback""}"
625d23b5-26ed-4ecd-a828-7f7d8664f863,2026-02-23 01:07:00.857751+00,d_e0634008d876f8_1769957310244,,auth,oauth_return_cached,"{""hasUrl"":true}"
629e5fb4-c738-45a1-8d0c-00ca47f5b7bc,2026-02-23 19:44:57.92992+00,d_c378e05089bfc_1771875886770,,auth,oauth_start,"{""redirectPath"":""auth/callback""}"
62a9d1f4-b0e6-44e3-baa2-02906156a705,2026-02-23 19:45:48.314914+00,d_c378e05089bfc_1771875886770,,auth,google_press,{}
62b75ccf-3a44-461c-bb89-f53fcee4a422,2026-04-12 07:43:44.411059+00,d_d58ef8ba3f26c_1775979811595,,auth,oauth_start,"{""redirectPath"":""auth/callback""}"
62ba5f0f-0089-4cf0-8c6b-9bbd288e2e6d,2026-05-01 02:33:53.052791+00,d_eb04f65dbc80d8_1774135538176,,auth,oauth_url_ready,"{""hasUrl"":true}"
63028dd9-cbcc-412f-a0a7-26c6d9d88895,2026-02-23 19:44:58.250822+00,d_c378e05089bfc_1771875886770,,auth,webbrowser_result,"{""type"":""cancel"",""hasUrl"":false}"
63344f67-eebb-44db-bf52-7169f0247c9d,2026-02-23 19:46:46.877782+00,d_c378e05089bfc_1771875886770,,auth,oauth_return_cached,"{""hasUrl"":false}"
63888e4a-7cfb-403d-8ab2-836239acb67c,2026-02-23 18:47:18.765604+00,d_12cb9026449cdd_1771872435205,,auth,oauth_start,"{""redirectPath"":""auth/callback""}"
6425c2d6-a26b-4067-a9ef-ade71706b0fa,2026-05-01 01:54:04.628546+00,d_06f9741747fd08_1777600315849,,auth,webbrowser_result,"{""type"":""dismiss"",""hasUrl"":false}"
643fc482-34a1-460d-b5b8-a532192ed9cd,2026-02-08 18:52:43.507726+00,d_5eb5561a1db184_1770576763443,,auth,google_press,{}
644fb1c8-23d5-4cfc-a6da-f24651843744,2026-04-05 15:19:34.770334+00,d_eb04f65dbc80d8_1774135538176,,auth,oauth_url_ready,"{""hasUrl"":true}"
6487c59d-e8c1-419e-9f93-4a76817eadf2,2026-06-23 01:54:42.757562+00,d_eb04f65dbc80d8_1774135538176,186df23b-6cbd-40b1-a921-430921a73e9c,facebook,facebook_final_ui_state,"{""source"":""users"",""identityConnected"":false,""persistedConnected"":false}"
64e7c2bd-6923-49ca-bdbe-0a3016a34290,2026-03-07 01:22:07.625581+00,d_6c9e7484c59f28_1772846526142,,auth,webbrowser_result,"{""type"":""cancel"",""hasUrl"":false}"
64edec06-8852-45d1-8033-c53d37fc8084,2026-02-01 14:48:40.262614+00,d_e0634008d876f8_1769957310244,,auth,webbrowser_result,"{""type"":""success"",""hasUrl"":true}"
65185396-fd4b-40d9-8a6f-4235bc0f3187,2026-02-28 14:48:55.808209+00,d_b1da13429509b8_1772290103532,,auth,oauth_start,"{""redirectPath"":""auth/callback""}"
6537074b-59d0-4dbe-91ff-f2b7a94d7be7,2026-05-01 01:48:20.523983+00,d_f707ff88c7d65_1777600098998,,auth,google_press,{}
654d338d-ba16-4b53-a5eb-4dc44f2a4ae1,2026-02-23 18:47:31.528482+00,d_12cb9026449cdd_1771872435205,,auth,google_press,{}
65814588-a94c-47a2-afd4-bc7af08ef255,2026-02-23 19:46:50.421415+00,d_c378e05089bfc_1771875886770,,auth,google_press,{}
658b6fa8-2b2d-4fcc-8332-de240835649f,2026-02-06 03:50:13.019699+00,d_92aeae8834de68_1770349811718,,auth,webbrowser_result,"{""type"":""cancel"",""hasUrl"":false}"
658e985c-a498-4d8e-8962-f682f7904f89,2026-02-23 19:46:50.688487+00,d_c378e05089bfc_1771875886770,,auth,oauth_url_ready,"{""hasUrl"":true}"
662cd3eb-d082-40cc-b822-687c741eca18,2026-05-01 01:55:26.915662+00,d_06f9741747fd08_1777600315849,,auth,oauth_start,"{""redirectPath"":""auth/callback""}"
662e76aa-9869-4df2-bd70-ed750d2883f5,2026-02-23 19:45:17.680969+00,d_c378e05089bfc_1771875886770,,auth,oauth_return_cached,"{""hasUrl"":false}"
664feec5-47f8-44ab-a4f9-cb06d5a61eba,2026-05-01 02:51:37.832311+00,d_6e76d4efaf2838_1777603250861,,auth,oauth_start,"{""redirectPath"":""auth/callback""}"
665599db-629f-4641-99b5-5c05dab31d53,2026-05-01 02:36:57.768978+00,d_acacb29dc49e98_1777603011477,,auth,oauth_return_cached,"{""hasUrl"":false}"
66cfe38b-2161-4316-88e2-7f4ec860ee83,2026-02-23 22:56:10.57324+00,d_ebb7d953f2bc28_1771887281124,,auth,oauth_start,"{""redirectPath"":""auth/callback""}"
66de2ea5-0f28-409b-ad32-08cb6816039f,2026-05-01 02:37:54.117422+00,d_acacb29dc49e98_1777603011477,,auth,google_press,{}
6722f0c8-13db-41da-b4a8-7341891c55f5,2026-06-23 01:56:37.194902+00,d_eb04f65dbc80d8_1774135538176,186df23b-6cbd-40b1-a921-430921a73e9c,facebook,facebook_connect_button_tapped,"{""hasSession"":true,""redirectKind"":""native"",""currentUserId"":""186df23b-6cbd-40b1-a921-430921a73e9c""}"
678ad983-b53f-44fa-840d-c60a9f3d19d3,2026-02-23 19:45:17.210062+00,d_c378e05089bfc_1771875886770,,auth,oauth_start,"{""redirectPath"":""auth/callback""}"
678f8d2c-6381-4210-b3f3-9efd14f42ca8,2026-02-23 18:48:44.707222+00,d_12cb9026449cdd_1771872435205,,auth,oauth_start,"{""redirectPath"":""auth/callback""}"
67dd8668-e308-4619-9f1b-0cdef49b05e6,2026-05-01 02:33:57.513203+00,d_eb04f65dbc80d8_1774135538176,,auth,oauth_return_cached,"{""hasUrl"":true}"
6806ee24-b9a2-47df-83a9-59d810a1f179,2026-05-01 01:48:20.79352+00,d_f707ff88c7d65_1777600098998,,auth,oauth_url_ready,"{""hasUrl"":true}"
689161d0-841b-45b1-99c8-1d7a0957a219,2026-02-11 09:22:22.000931+00,d_cc61f970a326b8_1770801687209,,auth,webbrowser_result,"{""type"":""cancel"",""hasUrl"":false}"
68b2f42d-a1c6-4da6-8519-48856e267a72,2026-02-23 18:48:19.9138+00,d_12cb9026449cdd_1771872435205,,auth,webbrowser_result,"{""type"":""cancel"",""hasUrl"":false}"
68b9660d-a61d-4f84-bb68-8a4688a852ae,2026-05-01 02:38:20.186218+00,d_cab8ad71ebf46_1777603027665,,auth,oauth_return_cached,"{""hasUrl"":false}"
69258f92-1be8-4c37-8d5e-356b3e700386,2026-01-31 16:11:51.292788+00,d_1db54cae693d35_1769875897381,,auth,oauth_return_cached,"{""hasUrl"":true}"
699d0a5b-a19b-4e5e-92ab-f01d46c9406a,2026-02-08 19:01:19.666035+00,d_e0634008d876f8_1769957310244,,auth,google_press,{}
6aae486e-efe0-4a74-9218-249f7050880f,2026-02-28 14:48:42.000294+00,d_b1da13429509b8_1772290103532,,auth,oauth_url_ready,"{""hasUrl"":true}"
6ad30423-19e8-4e56-b1a2-3a99a463334e,2026-02-23 22:56:02.611471+00,d_ebb7d953f2bc28_1771887281124,,auth,google_press,{}
6ae5e24f-83b8-4408-bee8-047527fa93fa,2026-02-08 18:56:44.236356+00,d_e0634008d876f8_1769957310244,,auth,oauth_url_ready,"{""hasUrl"":true}"
6b944cf2-c828-4220-aba2-2c40ee12328e,2026-04-05 23:57:55.372783+00,d_9100d1cfba86d8_1775433471923,,auth,oauth_return_cached,"{""hasUrl"":false}"
6bb6c497-b1ba-4510-a741-a0f7356a58f4,2026-02-23 22:54:44.927342+00,d_ebb7d953f2bc28_1771887281124,,auth,webbrowser_result,"{""type"":""cancel"",""hasUrl"":false}"
6cc911f7-1e6c-4a2c-b37d-2b1b861a2bc7,2026-02-09 07:29:57.274888+00,d_e3f6bd9b651ef8_1770622140509,,auth,oauth_return_cached,"{""hasUrl"":false}"
6cd20961-be7e-4464-9964-01d632c18bb1,2026-02-23 00:40:10.60823+00,d_addc5209c81648_1771807205291,,auth,google_press,{}
6ceb6e42-c2f6-4cfb-87f8-575dbb6ec400,2026-05-01 02:37:56.921841+00,d_acacb29dc49e98_1777603011477,,auth,webbrowser_result,"{""type"":""dismiss"",""hasUrl"":false}"
6d02432e-d763-4493-b94e-b99c921d611b,2026-05-01 01:55:42.349146+00,d_06f9741747fd08_1777600315849,,auth,oauth_return_cached,"{""hasUrl"":false}"
6d4baa3a-2727-4a25-82e4-b1411926a5a2,2026-02-02 01:46:34.726154+00,d_c9b7c3e838f8b8_1769996794087,,auth,oauth_url_ready,"{""hasUrl"":true}"
6db7c156-7df0-4a3b-8c42-a358e40f1b01,2026-02-23 19:46:14.855064+00,d_c378e05089bfc_1771875886770,,auth,oauth_start,"{""redirectPath"":""auth/callback""}"
6e508034-4eca-4b5d-abc3-143a089ee022,2026-02-23 22:55:50.409566+00,d_ebb7d953f2bc28_1771887281124,,auth,oauth_start,"{""redirectPath"":""auth/callback""}"
6e693964-c30e-4791-9311-e278e8a11053,2026-02-23 01:13:51.01339+00,d_e0634008d876f8_1769957310244,,auth,google_press,{}
6f0d3e40-b5eb-4c54-8f19-c731e6207d9c,2026-02-23 00:40:26.29857+00,d_addc5209c81648_1771807205291,,auth,google_press,{}
6f1a2ce8-d0e4-44f1-84b5-8e03e7234bf2,2026-01-31 17:13:39.027736+00,d_f49572ecb3eed_1769879534830,,auth,oauth_url_ready,"{""hasUrl"":true}"
6f3ddc20-ccbf-4b9d-bf00-ab1c6a7fe0c0,2026-01-31 17:12:23.421805+00,d_f49572ecb3eed_1769879534830,,auth,oauth_start,"{""redirectPath"":""auth/callback""}"
6fe75c5b-ec63-4ad4-88ca-437cc3c82fe7,2026-06-23 01:56:37.513833+00,d_eb04f65dbc80d8_1774135538176,186df23b-6cbd-40b1-a921-430921a73e9c,facebook,facebook_oauth_url_opened,"{""hasUrl"":true,""redirectKind"":""native""}"
70065b86-b010-4e51-8b65-7201ea6b5a3b,2026-02-23 19:44:47.989908+00,d_c378e05089bfc_1771875886770,,auth,oauth_return_cached,"{""hasUrl"":false}"
70267185-3baa-41cc-8726-d7c432fc62dd,2026-02-23 18:48:59.227617+00,d_12cb9026449cdd_1771872435205,,auth,oauth_url_ready,"{""hasUrl"":true}"
70288469-5c27-4f9b-b043-6a0e078bfa91,2026-03-09 01:33:10.965892+00,d_90077fdd59ca98_1773019990289,,auth,google_press,{}
703ec879-8f86-4d1b-a688-cdebb9ccbca9,2026-02-23 19:45:24.021834+00,d_c378e05089bfc_1771875886770,,auth,webbrowser_result,"{""type"":""cancel"",""hasUrl"":false}"
70407f6b-91c8-4e52-878e-11ec7c9a166a,2026-05-01 01:53:53.226829+00,d_06f9741747fd08_1777600315849,,auth,google_press,{}
7097d40c-11b6-43c6-8428-2f1bda82fd77,2026-02-23 22:55:50.783144+00,d_ebb7d953f2bc28_1771887281124,,auth,webbrowser_result,"{""type"":""cancel"",""hasUrl"":false}"
70c1a92d-0190-4425-a867-4e5fdd801d50,2026-01-31 17:13:45.865362+00,d_f49572ecb3eed_1769879534830,,auth,google_press,{}
710d4703-7bb9-457a-9276-2876f55723a8,2026-02-02 15:37:24.812452+00,d_f656db4f22d8a_1770046634249,,auth,oauth_return_cached,"{""hasUrl"":false}"
715b857f-c7f1-4415-b6eb-4d28d53574f3,2026-05-01 02:44:30.768289+00,d_6e76d4efaf2838_1777603250861,,auth,oauth_url_ready,"{""hasUrl"":true}"
717e8cd9-749d-4149-80df-9ab9f9c2d976,2026-02-22 00:36:33.720396+00,d_d123e33159b38_1771720593478,,auth,google_press,{}
72104f22-6123-439b-9b48-4c5cef9f9ff4,2026-01-31 23:03:46.210882+00,d_f4480580f62e38_1769900114423,,auth,webbrowser_result,"{""type"":""success"",""hasUrl"":true}"
722071ac-5f32-47dc-98a0-d7bdc8eba4d4,2026-02-23 22:56:42.484903+00,d_ebb7d953f2bc28_1771887281124,,auth,oauth_start,"{""redirectPath"":""auth/callback""}"
725c378f-fb95-48ad-b71c-4f6290d562bf,2026-04-12 07:44:16.85074+00,d_d58ef8ba3f26c_1775979811595,,auth,oauth_url_ready,"{""hasUrl"":true}"
727bd011-c0fa-41ce-8900-4405be632bb0,2026-02-23 18:48:45.191863+00,d_12cb9026449cdd_1771872435205,,auth,oauth_return_cached,"{""hasUrl"":false}"
72894565-ae82-42da-9120-c48e05bd80a1,2026-02-23 19:44:46.993598+00,d_c378e05089bfc_1771875886770,,auth,google_press,{}
72a06d49-fd60-41e7-a1f0-ad655b57f559,2026-02-03 22:24:44.681905+00,d_38ab48f4b46bc8_1770157465311,,auth,webbrowser_result,"{""type"":""success"",""hasUrl"":true}"
72a59d59-786e-4776-aab6-c9d1ed2907a6,2026-02-23 00:40:33.447316+00,d_addc5209c81648_1771807205291,,auth,oauth_return_cached,"{""hasUrl"":false}"
72cba20f-ef6d-42d7-b7d3-59674de661fc,2026-01-31 17:13:46.104413+00,d_f49572ecb3eed_1769879534830,,auth,oauth_url_ready,"{""hasUrl"":true}"
72e38e6a-c78c-4c02-9d05-bb2103768a68,2026-02-26 03:02:55.300719+00,d_e0634008d876f8_1769957310244,,auth,oauth_url_ready,"{""hasUrl"":true}"
73489d9b-4b0c-48cf-a5c5-3562d6b6cd0b,2026-03-09 01:33:11.297712+00,d_90077fdd59ca98_1773019990289,,auth,oauth_start,"{""redirectPath"":""auth/callback""}"
73f5d2a2-e608-4536-92c1-35acbd87baee,2026-06-23 01:54:20.272628+00,d_eb04f65dbc80d8_1774135538176,186df23b-6cbd-40b1-a921-430921a73e9c,facebook,facebook_final_ui_state,"{""source"":""users"",""identityConnected"":false,""persistedConnected"":false}"
742fef4a-3f13-4557-ae16-3159b5df9670,2026-02-09 07:29:59.911572+00,d_e3f6bd9b651ef8_1770622140509,,auth,oauth_start,"{""redirectPath"":""auth/callback""}"
74907dfe-c181-4fc0-8045-43594c09aaa5,2026-02-08 19:00:23.318473+00,d_e0634008d876f8_1769957310244,,auth,oauth_return_cached,"{""hasUrl"":true}"
749faa4b-cfb9-4c68-a231-fb9c10bf5ae0,2026-02-23 22:56:42.581047+00,d_ebb7d953f2bc28_1771887281124,,auth,oauth_url_ready,"{""hasUrl"":true}"
74a50f93-7c71-4094-9261-df27a62775fe,2026-02-28 14:48:59.771124+00,d_b1da13429509b8_1772290103532,,auth,oauth_start,"{""redirectPath"":""auth/callback""}"
75143c4e-b6dd-40c1-8801-a28150d43038,2026-02-23 22:55:23.719719+00,d_ebb7d953f2bc28_1771887281124,,auth,oauth_url_ready,"{""hasUrl"":true}"
75e1c586-0958-4da4-8874-a9905815ad40,2026-02-09 07:30:00.030857+00,d_e3f6bd9b651ef8_1770622140509,,auth,oauth_url_ready,"{""hasUrl"":true}"
75f557d5-ebc8-470a-b25c-fc6fe90a71b4,2026-02-08 18:49:07.102082+00,d_c234f7244a1b3_1770576543859,,auth,oauth_return_cached,"{""hasUrl"":false}"
7662af74-5b2c-4202-9059-b9b0f4e4c41a,2026-04-12 07:43:44.933088+00,d_d58ef8ba3f26c_1775979811595,,auth,webbrowser_result,"{""type"":""cancel"",""hasUrl"":false}"
767cdea0-f718-4aec-abb1-cca842e0ce26,2026-02-23 19:45:02.60112+00,d_c378e05089bfc_1771875886770,,auth,oauth_start,"{""redirectPath"":""auth/callback""}"
76acffaf-cbdc-4d42-ad08-f207e90704cd,2026-02-23 19:44:52.031501+00,d_c378e05089bfc_1771875886770,,auth,oauth_url_ready,"{""hasUrl"":true}"
7767f362-2758-49dc-a14e-208437689598,2026-02-01 14:48:30.493226+00,d_e0634008d876f8_1769957310244,,auth,oauth_start,"{""redirectPath"":""auth/callback""}"
778d4ca5-f46f-4d65-b526-6701f08685e7,2026-01-31 16:09:08.442447+00,d_cb6e7b94aa0f3_1769875747558,,auth,oauth_start,"{""redirectPath"":""auth/callback""}"
7837d38c-edc7-46e1-830f-243d131b5e19,2026-02-28 14:48:35.468406+00,d_b1da13429509b8_1772290103532,,auth,webbrowser_result,"{""type"":""cancel"",""hasUrl"":false}"
78a58c85-7524-4a6a-ab24-1f683988412f,2026-02-28 14:49:02.389743+00,d_b1da13429509b8_1772290103532,,auth,oauth_start,"{""redirectPath"":""auth/callback""}"
78c8be95-afb8-4f0c-8cdd-4b22dc90a3b3,2026-02-01 00:01:23.367246+00,d_f2c53c08e37888_1769904070222,,auth,oauth_return_cached,"{""hasUrl"":true}"
78cf4b5d-2bc2-4f97-ae80-d9ce845e3a21,2026-03-07 01:22:12.005488+00,d_6c9e7484c59f28_1772846526142,,auth,google_press,{}
78d8e9de-e476-4bdb-9a7e-4ccd13c74888,2026-02-23 19:45:40.686451+00,d_c378e05089bfc_1771875886770,,auth,oauth_return_cached,"{""hasUrl"":false}"
793c63f7-f6fa-4674-be56-05c390841e86,2026-02-23 18:49:13.907589+00,d_12cb9026449cdd_1771872435205,,auth,google_press,{}
796ec7e5-fde6-4112-be1f-5323a4a99b99,2026-01-31 17:13:41.250692+00,d_f49572ecb3eed_1769879534830,,auth,google_press,{}
798f118b-f232-4660-8bf7-8a29b9c224d0,2026-02-23 01:05:18.746895+00,d_e0634008d876f8_1769957310244,,auth,google_press,{}
79f97302-aafc-4423-bc5b-407726c72a99,2026-02-13 17:20:03.639356+00,d_88b3688526179_1771003203273,,auth,oauth_start,"{""redirectPath"":""auth/callback""}"
7a4263d6-cdbd-44ae-9c34-31474b432d5c,2026-02-11 09:22:09.693644+00,d_cc61f970a326b8_1770801687209,,auth,webbrowser_result,"{""type"":""cancel"",""hasUrl"":false}"
7a8f7df4-127d-4c8a-ad29-00cd185b3c71,2026-02-08 19:00:23.177869+00,d_e0634008d876f8_1769957310244,,auth,webbrowser_result,"{""type"":""success"",""hasUrl"":true}"
7b03f55c-7556-419e-ba4f-62f23dff3a3b,2026-02-22 23:34:02.00497+00,d_393ab8b7ce893a_1771803171721,,auth,webbrowser_result,"{""type"":""dismiss"",""hasUrl"":false}"
7b75f7f1-12ea-4cd4-9718-254a07ef9a2f,2026-01-31 16:09:12.31845+00,d_cb6e7b94aa0f3_1769875747558,,auth,google_press,{}
7b96e60e-a607-40e9-8827-8243b6f910c6,2026-02-23 18:48:03.286189+00,d_12cb9026449cdd_1771872435205,,auth,oauth_start,"{""redirectPath"":""auth/callback""}"
7bd0112d-fbb5-4934-b380-3546edf8f9bd,2026-05-01 16:47:07.21554+00,d_121ca6615d4c7e_1777654026368,,auth,webbrowser_result,"{""type"":""cancel"",""hasUrl"":false}"
7c284a84-49cb-4a27-b002-5ad75337b599,2026-02-23 19:46:42.077989+00,d_c378e05089bfc_1771875886770,,auth,oauth_return_cached,"{""hasUrl"":false}"
7c7b6403-1327-472c-b43e-59e2a0641668,2026-01-31 17:13:03.922961+00,d_f49572ecb3eed_1769879534830,,auth,oauth_url_ready,"{""hasUrl"":true}"
7c7ca29f-3908-4050-bfdc-83234c9fc891,2026-02-23 22:56:06.369302+00,d_ebb7d953f2bc28_1771887281124,,auth,webbrowser_result,"{""type"":""cancel"",""hasUrl"":false}"
7ca16812-8faa-4858-8899-be33af1feb2d,2026-03-01 02:23:29.980918+00,d_a164d9344b7958_1772331808274,,auth,oauth_return_cached,"{""hasUrl"":false}"
7cd7caef-0a01-4c70-a15a-6e1b384a32ea,2026-05-01 02:48:59.02366+00,d_6e76d4efaf2838_1777603250861,,auth,google_press,{}
7d792301-72a2-4ba8-8aff-abfec3eb26ec,2026-02-23 00:40:33.062233+00,d_addc5209c81648_1771807205291,,auth,oauth_url_ready,"{""hasUrl"":true}"
7d7c7285-f0d9-4ea3-9988-9c955ebc8392,2026-01-31 17:12:47.725535+00,d_f49572ecb3eed_1769879534830,,auth,google_press,{}
7e21d751-713e-4496-a353-8961237a5847,2026-01-31 16:09:12.831632+00,d_cb6e7b94aa0f3_1769875747558,,auth,webbrowser_result,"{""type"":""cancel"",""hasUrl"":false}"
7e260887-2392-4e65-aafe-416aee516ed3,2026-01-31 17:12:51.178313+00,d_f49572ecb3eed_1769879534830,,auth,google_press,{}
7e505ccc-33fb-46d9-a74a-00f8854a595f,2026-01-31 17:12:23.248684+00,d_f49572ecb3eed_1769879534830,,auth,google_press,{}
7e880ecd-dfdb-4278-8259-712052eb5f96,2026-04-12 07:43:44.541412+00,d_d58ef8ba3f26c_1775979811595,,auth,oauth_url_ready,"{""hasUrl"":true}"
7e96a767-af50-4f71-99b2-b2867e770ea0,2026-02-23 00:40:05.89805+00,d_addc5209c81648_1771807205291,,auth,oauth_url_ready,"{""hasUrl"":true}"
7f200d55-ae99-4b0d-ada8-6a6e05dde2bd,2026-02-28 14:48:56.233889+00,d_b1da13429509b8_1772290103532,,auth,oauth_return_cached,"{""hasUrl"":false}"
7fa0c7b1-60d5-4efb-b935-90597e8731c8,2026-02-02 02:05:39.695188+00,d_c9b7c3e838f8b8_1769996794087,,auth,oauth_return_cached,"{""hasUrl"":true}"
7fa37447-9d41-488e-8652-13c167765db5,2026-04-05 23:57:55.038929+00,d_9100d1cfba86d8_1775433471923,,auth,oauth_url_ready,"{""hasUrl"":true}"
8028ba2b-fb18-44ea-8f4a-0387731b5cf5,2026-02-23 00:40:26.996974+00,d_addc5209c81648_1771807205291,,auth,oauth_return_cached,"{""hasUrl"":false}"
805b7816-0d5e-411f-a369-9d4372ea0e82,2026-06-23 01:54:23.407122+00,d_eb04f65dbc80d8_1774135538176,186df23b-6cbd-40b1-a921-430921a73e9c,facebook,facebook_oauth_url_opened,"{""hasUrl"":true,""redirectKind"":""native""}"
80b147b4-4a9e-466a-8d24-c8cff20ff083,2026-06-23 02:00:35.339028+00,d_eb04f65dbc80d8_1774135538176,186df23b-6cbd-40b1-a921-430921a73e9c,privacy,social_opt_out_setting_viewed,"{""value"":false,""source_screen"":""settings"",""canAppearSocially"":true}"
81905f6f-95c6-48e8-bdd5-d7af9aa0c8ed,2026-02-01 00:01:10.728696+00,d_f2c53c08e37888_1769904070222,,auth,oauth_url_ready,"{""hasUrl"":true}"
81e4a6c7-c424-475f-8d50-f470710752b3,2026-02-01 00:01:23.228456+00,d_f2c53c08e37888_1769904070222,,auth,webbrowser_result,"{""type"":""success"",""hasUrl"":true}"
82b205f6-0751-4e8e-975d-4c7e339c7937,2026-05-01 16:47:06.757991+00,d_121ca6615d4c7e_1777654026368,,auth,oauth_start,"{""redirectPath"":""auth/callback""}"
831fc7bb-1a02-4d90-8c8d-7043dd979939,2026-02-13 17:20:03.396574+00,d_88b3688526179_1771003203273,,auth,google_press,{}
8397611c-770b-4557-8d86-6d95bf332237,2026-05-01 01:56:09.507361+00,d_06f9741747fd08_1777600315849,,auth,oauth_start,"{""redirectPath"":""auth/callback""}"
83ca2e5b-8401-4139-bd90-e2a0ac1ef6bf,2026-05-01 02:50:59.830319+00,d_6e76d4efaf2838_1777603250861,,auth,oauth_start,"{""redirectPath"":""auth/callback""}"
84180e11-96e2-42cb-80d6-9af31f2e2b09,2026-02-02 02:05:19.369862+00,d_c9b7c3e838f8b8_1769996794087,,auth,oauth_url_ready,"{""hasUrl"":true}"
84304e55-7e58-4575-baee-cb1602105203,2026-02-03 22:24:25.759619+00,d_38ab48f4b46bc8_1770157465311,,auth,oauth_url_ready,"{""hasUrl"":true}"
8442889c-cecc-424b-9abf-336a49597c65,2026-02-23 01:07:00.744533+00,d_e0634008d876f8_1769957310244,,auth,webbrowser_result,"{""type"":""success"",""hasUrl"":true}"
84b95ac7-85e9-4a33-9446-b53a14138f22,2026-02-23 19:45:30.948567+00,d_c378e05089bfc_1771875886770,,auth,google_press,{}
854d1fa6-82f1-4116-b123-2d6f0ea91d92,2026-02-23 18:47:41.005767+00,d_12cb9026449cdd_1771872435205,,auth,webbrowser_result,"{""type"":""cancel"",""hasUrl"":false}"
85b1d124-9cbe-41be-818f-f4e93491c391,2026-02-23 19:45:17.576555+00,d_c378e05089bfc_1771875886770,,auth,webbrowser_result,"{""type"":""cancel"",""hasUrl"":false}"
85b870f3-ed5a-4786-978e-dc9e6a812d64,2026-04-12 07:44:16.45615+00,d_d58ef8ba3f26c_1775979811595,,auth,google_press,{}
85e6cdcc-8e38-4cf6-a7f4-ce2a96566a0c,2026-01-31 17:13:46.364617+00,d_f49572ecb3eed_1769879534830,,auth,webbrowser_result,"{""type"":""cancel"",""hasUrl"":false}"
85e9fd77-412e-4284-8607-f6954abb7db3,2026-02-22 23:33:02.479525+00,d_e072263008ba48_1771803169090,,auth,oauth_return_cached,"{""hasUrl"":false}"
8627995e-33b8-401d-b81b-9d7aaae9b8c3,2026-01-31 19:13:46.663269+00,d_483373289a0f44_1769886647485,,auth,webbrowser_result,"{""type"":""success"",""hasUrl"":true}"
863f21a6-5f7e-4e80-bbcb-9904bf2e365c,2026-05-01 01:49:22.783552+00,d_f707ff88c7d65_1777600098998,,auth,google_press,{}
8675ac93-3093-4bed-b504-2a9fee7cf7b2,2026-02-23 19:46:46.566367+00,d_c378e05089bfc_1771875886770,,auth,oauth_url_ready,"{""hasUrl"":true}"
8676b662-11e8-41f6-b8ff-ecca8a9470c2,2026-05-01 02:49:56.399566+00,d_6e76d4efaf2838_1777603250861,,auth,oauth_return_cached,"{""hasUrl"":false}"
86fa7f32-9cd6-49ae-9d87-5dabe4999154,2026-02-23 22:56:05.931959+00,d_ebb7d953f2bc28_1771887281124,,auth,google_press,{}
87599241-4353-4b51-8a83-b1a5710c6878,2026-02-23 18:48:35.78925+00,d_12cb9026449cdd_1771872435205,,auth,google_press,{}
8825809d-8b4b-4baf-869c-8702c7a0ae84,2026-02-23 19:45:19.811204+00,d_c378e05089bfc_1771875886770,,auth,oauth_url_ready,"{""hasUrl"":true}"
885dc69b-1fb9-4551-aafa-13c695e5c5ad,2026-02-23 18:47:31.725122+00,d_12cb9026449cdd_1771872435205,,auth,oauth_url_ready,"{""hasUrl"":true}"
88acb442-fd53-435c-8ec8-5e039033c738,2026-04-12 07:43:52.307503+00,d_d58ef8ba3f26c_1775979811595,,auth,oauth_start,"{""redirectPath"":""auth/callback""}"
8903c9c8-0005-4564-b798-3a3f4115cb48,2026-02-02 01:50:15.334821+00,d_c9b7c3e838f8b8_1769996794087,,auth,webbrowser_result,"{""type"":""cancel"",""hasUrl"":false}"
89127143-d3d7-46d0-8fdf-d1cee827016b,2026-05-01 02:44:35.28196+00,d_6e76d4efaf2838_1777603250861,,auth,oauth_return_cached,"{""hasUrl"":false}"
8925526a-7b6d-4a9c-81c1-d09337a32811,2026-05-01 01:54:04.736294+00,d_06f9741747fd08_1777600315849,,auth,oauth_return_cached,"{""hasUrl"":false}"
892be657-0b39-438a-a1d2-328c703d62d5,2026-02-23 18:49:09.810298+00,d_12cb9026449cdd_1771872435205,,auth,oauth_url_ready,"{""hasUrl"":true}"
8930b83b-8ca7-43dd-afbd-6c6f96bd31c5,2026-02-23 18:48:03.75634+00,d_12cb9026449cdd_1771872435205,,auth,oauth_return_cached,"{""hasUrl"":false}"
893dce8d-ac32-4dbe-bdb8-6cdd8feb3904,2026-02-08 18:53:02.604369+00,d_5eb5561a1db184_1770576763443,,auth,webbrowser_result,"{""type"":""success"",""hasUrl"":true}"
895776b2-8988-4343-97c0-e60879fe72f7,2026-02-23 22:55:53.679791+00,d_ebb7d953f2bc28_1771887281124,,auth,google_press,{}
8a1aa2f2-58e7-4a1a-b2ca-bca8e2adb91f,2026-02-23 18:48:03.404175+00,d_12cb9026449cdd_1771872435205,,auth,oauth_url_ready,"{""hasUrl"":true}"
8a7b5e22-3142-482b-a997-efdde3ab5b26,2026-05-01 01:51:58.315643+00,d_06f9741747fd08_1777600315849,,auth,oauth_url_ready,"{""hasUrl"":true}"
8ac60276-d2b6-4e65-8494-36b1ff85bfb9,2026-02-23 22:55:39.495878+00,d_ebb7d953f2bc28_1771887281124,,auth,google_press,{}
8b65f09f-bd19-4210-be6e-763a962ba3f4,2026-01-31 16:11:38.840168+00,d_1db54cae693d35_1769875897381,,auth,oauth_url_ready,"{""hasUrl"":true}"
8bae30aa-f9ce-45a5-97c5-6bcc7e4b4126,2026-02-13 17:20:24.00838+00,d_88b3688526179_1771003203273,,auth,google_press,{}
8bdb64f1-63db-4da9-9006-d6b818510723,2026-02-28 14:48:38.424184+00,d_b1da13429509b8_1772290103532,,auth,oauth_start,"{""redirectPath"":""auth/callback""}"
8bf3e79c-5ad3-425e-8336-15aac2ce0ee3,2026-02-22 23:32:52.272772+00,d_e072263008ba48_1771803169090,,auth,oauth_url_ready,"{""hasUrl"":true}"
8cadf224-d646-4c33-a8e0-228854c9475d,2026-02-18 21:40:50.425835+00,d_e0634008d876f8_1769957310244,,auth,oauth_start,"{""redirectPath"":""auth/callback""}"
8cc3aaae-1b11-41e1-9a6e-b6f783a9301c,2026-02-22 23:33:54.690856+00,d_e072263008ba48_1771803169090,,auth,google_press,{}
8cc5bc9b-ebba-44ec-9288-ac2c0dec25cf,2026-02-23 19:45:48.773441+00,d_c378e05089bfc_1771875886770,,auth,webbrowser_result,"{""type"":""cancel"",""hasUrl"":false}"
8d1bd1ba-20ab-4330-8ab1-0596e3eebbdc,2026-02-22 23:30:13.589756+00,d_e0634008d876f8_1769957310244,,auth,oauth_start,"{""redirectPath"":""auth/callback""}"
8d398427-dff8-45a2-887a-56b6c7de72c8,2026-02-23 18:47:31.623124+00,d_12cb9026449cdd_1771872435205,,auth,oauth_start,"{""redirectPath"":""auth/callback""}"
8df42cfe-34cc-4ed5-9253-94a2effb0fbd,2026-02-23 18:48:25.732912+00,d_12cb9026449cdd_1771872435205,,auth,oauth_start,"{""redirectPath"":""auth/callback""}"
8df576ed-d97c-4bb3-add9-2695cc154321,2026-02-11 09:22:21.378464+00,d_cc61f970a326b8_1770801687209,,auth,google_press,{}
8e3e00aa-1065-4fde-b7ff-81c12fbc7c91,2026-02-22 23:33:02.281668+00,d_e072263008ba48_1771803169090,,auth,webbrowser_result,"{""type"":""dismiss"",""hasUrl"":false}"
8e4c5d60-d548-474c-8407-84ce1d069dc5,2026-02-23 19:45:55.828262+00,d_c378e05089bfc_1771875886770,,auth,oauth_start,"{""redirectPath"":""auth/callback""}"
8e4f26e9-7809-4dba-8007-1ff6c3295ed4,2026-02-23 18:47:21.856372+00,d_12cb9026449cdd_1771872435205,,auth,webbrowser_result,"{""type"":""cancel"",""hasUrl"":false}"
8e61a5fb-f6c7-447b-85e1-c5e2923b2b52,2026-06-23 01:54:20.24499+00,d_eb04f65dbc80d8_1774135538176,186df23b-6cbd-40b1-a921-430921a73e9c,facebook,facebook_final_ui_state,"{""source"":""users"",""identityConnected"":false,""persistedConnected"":false}"
8e7ba973-5765-4a47-91a5-62885d0bc930,2026-05-01 02:37:15.569879+00,d_cab8ad71ebf46_1777603027665,,auth,oauth_return_cached,"{""hasUrl"":false}"
8e7d68f4-b02d-4932-91b2-89d09d45d70c,2026-02-23 01:13:51.234183+00,d_e0634008d876f8_1769957310244,,auth,oauth_url_ready,"{""hasUrl"":true}"
8e99821f-a45a-4971-9c43-d56cd71d9346,2026-05-01 16:47:06.892304+00,d_121ca6615d4c7e_1777654026368,,auth,oauth_url_ready,"{""hasUrl"":true}"
8ea905b8-1f60-4788-b7d6-6359889f58cb,2026-02-03 22:24:25.666983+00,d_38ab48f4b46bc8_1770157465311,,auth,oauth_start,"{""redirectPath"":""auth/callback""}"
8eaa82f4-e6cd-4a1a-be7c-572f8d94a58e,2026-02-23 22:55:10.693379+00,d_ebb7d953f2bc28_1771887281124,,auth,oauth_return_cached,"{""hasUrl"":false}"
8eb5e158-d2de-46fb-9c75-eec2deb75bf2,2026-02-26 03:02:55.150399+00,d_e0634008d876f8_1769957310244,,auth,oauth_start,"{""redirectPath"":""auth/callback""}"
8ec54915-403e-4707-add4-7d99aa867b8d,2026-04-12 07:43:31.78716+00,d_d58ef8ba3f26c_1775979811595,,auth,google_press,{}
8ee24c65-b8b7-4104-b6bb-0d9f6dcc90fc,2026-02-06 03:50:12.346207+00,d_92aeae8834de68_1770349811718,,auth,oauth_start,"{""redirectPath"":""auth/callback""}"
8f71d4f2-69f3-4f2e-a955-97d9de5b4204,2026-02-23 18:49:35.488121+00,d_12cb9026449cdd_1771872435205,,auth,google_press,{}
901f00df-6714-4f19-9db8-e2b735473da9,2026-02-23 19:46:39.569516+00,d_c378e05089bfc_1771875886770,,auth,webbrowser_result,"{""type"":""cancel"",""hasUrl"":false}"
905bf3a2-87e8-47d0-ad4b-5691fef7ca70,2026-05-01 02:33:52.843789+00,d_eb04f65dbc80d8_1774135538176,,auth,oauth_start,"{""redirectPath"":""auth/callback""}"
90af685c-aade-4c70-82c9-78e8b1c16fa8,2026-02-23 18:49:01.55931+00,d_12cb9026449cdd_1771872435205,,auth,oauth_url_ready,"{""hasUrl"":true}"
90fdc487-1c9d-4474-bdc6-39771b7af73a,2026-02-08 18:49:04.127657+00,d_c234f7244a1b3_1770576543859,,auth,oauth_start,"{""redirectPath"":""auth/callback""}"
91084a38-afad-4eab-871e-abc3bb05ea2e,2026-01-31 17:12:27.450022+00,d_f49572ecb3eed_1769879534830,,auth,oauth_url_ready,"{""hasUrl"":true}"
911b0f24-306b-4aef-a795-75fad12eb76f,2026-03-21 23:25:38.596639+00,d_eb04f65dbc80d8_1774135538176,,auth,oauth_url_ready,"{""hasUrl"":true}"
912e2386-de06-4ea5-a087-12af41072446,2026-01-31 17:13:24.651427+00,d_f49572ecb3eed_1769879534830,,auth,google_press,{}
91cf7256-d725-497b-aba3-ed9033239c43,2026-02-23 19:45:12.896682+00,d_c378e05089bfc_1771875886770,,auth,webbrowser_result,"{""type"":""cancel"",""hasUrl"":false}"
91dabb37-938b-4950-9146-d980d780e27c,2026-02-08 19:00:18.80278+00,d_e0634008d876f8_1769957310244,,auth,oauth_url_ready,"{""hasUrl"":true}"
922ea43b-f5e2-46fa-9ab7-7339b4eb6272,2026-02-08 18:49:04.233739+00,d_c234f7244a1b3_1770576543859,,auth,oauth_url_ready,"{""hasUrl"":true}"
92c10ec3-6c40-45ed-91e4-d3dbb9f7d7b4,2026-02-18 21:40:58.176811+00,d_e0634008d876f8_1769957310244,,auth,oauth_return_cached,"{""hasUrl"":true}"
942e35d6-a9c8-4dda-a410-ebe04e58083c,2026-02-28 14:48:23.841535+00,d_b1da13429509b8_1772290103532,,auth,oauth_start,"{""redirectPath"":""auth/callback""}"
94314f54-ed90-45fc-90ce-1a98ec0a7970,2026-01-31 17:13:35.106316+00,d_f49572ecb3eed_1769879534830,,auth,google_press,{}
943dfdf2-ea43-4cef-9386-5348790afb9e,2026-02-28 14:48:30.932478+00,d_b1da13429509b8_1772290103532,,auth,oauth_url_ready,"{""hasUrl"":true}"
9468a684-3fb9-4107-9bc9-d83c94486da2,2026-02-23 01:06:54.199533+00,d_e0634008d876f8_1769957310244,,auth,oauth_start,"{""redirectPath"":""auth/callback""}"
9481c8cb-68a7-409e-84fd-0c134fb7394c,2026-02-23 18:47:16.581227+00,d_12cb9026449cdd_1771872435205,,auth,oauth_return_cached,"{""hasUrl"":false}"
949c6fc1-71ec-4468-92c4-9084d92e95f7,2026-02-06 03:50:12.128231+00,d_92aeae8834de68_1770349811718,,auth,google_press,{}
94f9281f-c880-478a-b6c7-be996de5948f,2026-02-23 18:47:49.511764+00,d_12cb9026449cdd_1771872435205,,auth,oauth_url_ready,"{""hasUrl"":true}"
953c6254-1c65-431e-bd47-3e1b64e99083,2026-02-23 00:40:32.92253+00,d_addc5209c81648_1771807205291,,auth,oauth_start,"{""redirectPath"":""auth/callback""}"
95792274-484b-486a-9310-0506367b568a,2026-05-16 20:32:42.201112+00,d_ed1c0a16706f7_1778963561827,,auth,oauth_url_ready,"{""hasUrl"":true}"
959e0f1a-1aa7-494c-bcce-dc09225d17ea,2026-04-05 15:19:34.463268+00,d_eb04f65dbc80d8_1774135538176,,auth,google_press,{}
964a2ac4-9733-4935-984c-c1328ba544b2,2026-02-23 18:49:14.503916+00,d_12cb9026449cdd_1771872435205,,auth,oauth_return_cached,"{""hasUrl"":false}"
965c899b-d133-47ab-8f80-cff8b2f3742b,2026-05-01 01:55:26.667846+00,d_06f9741747fd08_1777600315849,,auth,google_press,{}
96bbf4ea-322c-4240-b261-ab4dc9022ec2,2026-05-01 01:52:30.352875+00,d_06f9741747fd08_1777600315849,,auth,oauth_start,"{""redirectPath"":""auth/callback""}"
973a253f-2fe5-4abe-ac31-e5fc32232d11,2026-02-13 17:20:44.799357+00,d_88b3688526179_1771003203273,,auth,oauth_url_ready,"{""hasUrl"":true}"
97ceaeea-b7b1-4083-a02e-ba83af2193c3,2026-02-02 02:05:18.949147+00,d_c9b7c3e838f8b8_1769996794087,,auth,google_press,{}
980e758a-a8ff-4728-9f7e-3afbcdc4e73c,2026-06-16 12:20:05.278488+00,d_eb04f65dbc80d8_1774135538176,,auth,webbrowser_result,"{""type"":""success"",""hasUrl"":true}"
9837a113-69d4-405e-b2d2-e8db70993017,2026-02-22 23:34:02.507407+00,d_393ab8b7ce893a_1771803171721,,auth,oauth_return_cached,"{""hasUrl"":false}"
983db13b-2430-4806-8406-4773f448756e,2026-02-23 18:49:01.923554+00,d_12cb9026449cdd_1771872435205,,auth,oauth_return_cached,"{""hasUrl"":false}"
9857630e-92bd-430e-91e5-ff21dadeaabf,2026-02-22 23:34:02.980763+00,d_e072263008ba48_1771803169090,,auth,oauth_return_cached,"{""hasUrl"":false}"
98b957b1-0f98-4df5-a97a-afc465fc263c,2026-05-01 02:49:04.30326+00,d_6e76d4efaf2838_1777603250861,,auth,webbrowser_result,"{""type"":""dismiss"",""hasUrl"":false}"
9940525e-a0d1-48d5-ba86-fa854a32ea8f,2026-02-09 07:29:56.918456+00,d_e3f6bd9b651ef8_1770622140509,,auth,oauth_url_ready,"{""hasUrl"":true}"
999fb74e-a683-4b9c-861e-4d24c7accc57,2026-02-13 17:21:16.667151+00,d_88b3688526179_1771003203273,,auth,oauth_start,"{""redirectPath"":""auth/callback""}"
99e747f7-db45-42fa-bce4-be64543f042d,2026-02-23 22:55:29.801409+00,d_ebb7d953f2bc28_1771887281124,,auth,google_press,{}
99fab9aa-92b2-466e-9fc5-e4ad66a50e22,2026-01-31 19:10:47.88665+00,d_483373289a0f44_1769886647485,,auth,oauth_start,"{""redirectPath"":""auth/callback""}"
9a7a323b-375e-48d9-8977-d01ab1a96bd0,2026-03-07 01:22:12.22174+00,d_6c9e7484c59f28_1772846526142,,auth,oauth_url_ready,"{""hasUrl"":true}"
9a98e00a-9159-45cb-a71c-6b82b13fc406,2026-02-08 18:56:58.202735+00,d_e0634008d876f8_1769957310244,,auth,webbrowser_result,"{""type"":""success"",""hasUrl"":true}"
9ac2afe8-9060-4fdd-9114-7863cfd6a20a,2026-02-22 23:30:13.744513+00,d_e0634008d876f8_1769957310244,,auth,oauth_url_ready,"{""hasUrl"":true}"
9b507538-d6c1-4614-95d6-033559f233d5,2026-02-23 19:45:12.549379+00,d_c378e05089bfc_1771875886770,,auth,oauth_start,"{""redirectPath"":""auth/callback""}"
9b688f46-87a4-4e7e-80ee-c4da6111d96f,2026-02-23 00:40:32.770922+00,d_addc5209c81648_1771807205291,,auth,google_press,{}
9bb7de98-9856-40b2-806a-e0cea1452841,2026-02-23 18:47:15.869183+00,d_12cb9026449cdd_1771872435205,,auth,oauth_url_ready,"{""hasUrl"":true}"
9bfa9099-f1b9-493f-a374-d63aa1db0e89,2026-05-01 02:50:59.512855+00,d_6e76d4efaf2838_1777603250861,,auth,google_press,{}
9c1732e5-da3b-4c79-937f-229686153756,2026-02-23 18:47:26.730279+00,d_12cb9026449cdd_1771872435205,,auth,google_press,{}
9cad4130-b060-43a6-8379-5ebeb60ca6c8,2026-02-08 19:01:19.790886+00,d_e0634008d876f8_1769957310244,,auth,oauth_start,"{""redirectPath"":""auth/callback""}"
9cce077d-a12d-4098-b7b7-c2c942fbb6c3,2026-01-31 17:13:39.274312+00,d_f49572ecb3eed_1769879534830,,auth,webbrowser_result,"{""type"":""cancel"",""hasUrl"":false}"
9cce8ed9-ea3b-432a-b4c6-ce5b293ffbb9,2026-03-07 01:22:12.572245+00,d_6c9e7484c59f28_1772846526142,,auth,webbrowser_result,"{""type"":""cancel"",""hasUrl"":false}"
9d453008-555a-4056-9bc4-035e247c8666,2026-01-31 22:58:36.321692+00,d_f4480580f62e38_1769900114423,,auth,oauth_start,"{""redirectPath"":""auth/callback""}"
9dc8a148-a6db-4356-907e-1c7630b4bac8,2026-04-06 03:12:34.510883+00,d_354575e1ef8b48_1775445148888,,auth,oauth_return_cached,"{""hasUrl"":false}"
9dd761f5-38c1-4fad-a1e2-050ccf3f254d,2026-02-24 00:14:48.106934+00,d_e0634008d876f8_1769957310244,,auth,webbrowser_result,"{""type"":""success"",""hasUrl"":true}"
9e82cf72-8f1e-4c29-9ea0-76df5b708074,2026-05-01 02:36:53.549095+00,d_acacb29dc49e98_1777603011477,,auth,google_press,{}
9ea90d0f-c380-4a35-b4f9-39027384f5e1,2026-03-09 01:33:14.628994+00,d_90077fdd59ca98_1773019990289,,auth,google_press,{}
9eed9edc-ce7f-480a-a0f0-8126ace851fc,2026-01-31 22:58:36.450769+00,d_f4480580f62e38_1769900114423,,auth,oauth_url_ready,"{""hasUrl"":true}"
9f2ebac9-0db1-4e31-92f2-af02f78f12d9,2026-02-23 19:45:48.578637+00,d_c378e05089bfc_1771875886770,,auth,oauth_url_ready,"{""hasUrl"":true}"
9fb6dd8e-d29d-4eb5-8f74-2c85437c06ad,2026-02-23 19:45:40.577852+00,d_c378e05089bfc_1771875886770,,auth,webbrowser_result,"{""type"":""cancel"",""hasUrl"":false}"
a0060e31-0324-4dd2-a804-1f039f592267,2026-02-23 22:55:30.404818+00,d_ebb7d953f2bc28_1771887281124,,auth,oauth_return_cached,"{""hasUrl"":false}"
a043ff56-31c7-4e63-ae69-47ca19eaffa9,2026-05-01 02:37:14.496361+00,d_cab8ad71ebf46_1777603027665,,auth,webbrowser_result,"{""type"":""dismiss"",""hasUrl"":false}"
a06a7453-b96c-4581-a458-53b174a8a5e4,2026-06-23 01:53:48.66725+00,d_eb04f65dbc80d8_1774135538176,186df23b-6cbd-40b1-a921-430921a73e9c,facebook,facebook_final_ui_state,"{""source"":""users"",""identityConnected"":false,""persistedConnected"":false}"
a0a99129-b7a4-48f3-853b-8c705172bdef,2026-01-31 17:12:51.687819+00,d_f49572ecb3eed_1769879534830,,auth,webbrowser_result,"{""type"":""cancel"",""hasUrl"":false}"
a0cf4355-2dae-4d83-9e25-986954395c74,2026-02-26 03:02:12.665647+00,d_e0634008d876f8_1769957310244,,auth,oauth_return_cached,"{""hasUrl"":false}"
a0ed8c1c-1f8e-453a-a167-e85916815e81,2026-02-23 18:47:27.426353+00,d_12cb9026449cdd_1771872435205,,auth,oauth_return_cached,"{""hasUrl"":false}"
a117a021-f4a5-4cfd-94ff-f86c5dd8242d,2026-02-23 18:48:36.346375+00,d_12cb9026449cdd_1771872435205,,auth,webbrowser_result,"{""type"":""cancel"",""hasUrl"":false}"
a12dd7c5-73f1-42e8-9edf-8b362b7e1569,2026-02-23 18:47:45.698134+00,d_12cb9026449cdd_1771872435205,,auth,oauth_url_ready,"{""hasUrl"":true}"
a15df94f-165b-4c31-bac9-48b527b79a47,2026-06-16 12:20:00.292516+00,d_eb04f65dbc80d8_1774135538176,,auth,google_press,{}
a165c0d4-12cd-46b5-bd55-26f46ceaa788,2026-05-01 02:42:31.235709+00,d_6e76d4efaf2838_1777603250861,,auth,oauth_return_cached,"{""hasUrl"":false}"
a1cdf921-0a64-41fa-a7e4-976ed4b20a3d,2026-05-01 02:42:04.9371+00,d_6e76d4efaf2838_1777603250861,,auth,oauth_start,"{""redirectPath"":""auth/callback""}"
a1d9157d-bcaa-499a-b6d5-5ed3db17ba7d,2026-04-12 07:43:52.207339+00,d_d58ef8ba3f26c_1775979811595,,auth,google_press,{}
a1da0e2d-bb8b-47e2-a161-09da57b5a4ed,2026-05-01 02:37:54.217787+00,d_acacb29dc49e98_1777603011477,,auth,oauth_start,"{""redirectPath"":""auth/callback""}"
a204dba1-52c4-4a3a-a912-cf152bd8ba3a,2026-02-28 14:48:59.678415+00,d_b1da13429509b8_1772290103532,,auth,google_press,{}
a24d232d-a2db-45bd-9abf-2b9d783d2c38,2026-02-11 09:22:09.252816+00,d_cc61f970a326b8_1770801687209,,auth,oauth_start,"{""redirectPath"":""auth/callback""}"
a26b4db1-9812-4b55-a23d-1b7b6e4b021f,2026-01-31 23:03:36.813917+00,d_f4480580f62e38_1769900114423,,auth,google_press,{}
a282ff63-2149-4bb5-9a19-43da3b3b8db0,2026-02-23 22:55:24.08013+00,d_ebb7d953f2bc28_1771887281124,,auth,oauth_return_cached,"{""hasUrl"":false}"
a29fc321-6069-41b1-90ff-091b150ef731,2026-03-01 02:23:29.272783+00,d_a164d9344b7958_1772331808274,,auth,oauth_url_ready,"{""hasUrl"":true}"
a2faf30a-9b17-4453-9b6d-6afffda5c801,2026-06-23 02:00:34.647607+00,d_eb04f65dbc80d8_1774135538176,186df23b-6cbd-40b1-a921-430921a73e9c,facebook,facebook_final_ui_state,"{""source"":""users"",""identityConnected"":false,""persistedConnected"":false}"
a2fe0051-924b-4400-a50b-8321e8cefd25,2026-02-23 01:13:55.946746+00,d_e0634008d876f8_1769957310244,,auth,oauth_return_cached,"{""hasUrl"":true}"
a3151ce3-e83d-488f-afca-8eae9bd7810d,2026-05-01 01:56:13.232864+00,d_06f9741747fd08_1777600315849,,auth,webbrowser_result,"{""type"":""dismiss"",""hasUrl"":false}"
a3c64bb6-6712-42ec-9ed2-3a703e6847e1,2026-02-23 22:55:23.941282+00,d_ebb7d953f2bc28_1771887281124,,auth,webbrowser_result,"{""type"":""cancel"",""hasUrl"":false}"
a47f191e-3fa8-4014-89ba-d742e502c82c,2026-02-13 17:21:16.433932+00,d_88b3688526179_1771003203273,,auth,google_press,{}
a56cf538-ce22-46c4-8204-a1c00984e762,2026-05-01 02:43:37.841146+00,d_6e76d4efaf2838_1777603250861,,auth,oauth_return_cached,"{""hasUrl"":false}"
a5f0fe51-a1bc-445b-9b80-ebe119326eb2,2026-02-23 00:40:11.266867+00,d_addc5209c81648_1771807205291,,auth,oauth_return_cached,"{""hasUrl"":false}"
a695f469-6cbe-47ce-8f5c-6eb575626a89,2026-05-01 02:51:08.006173+00,d_6e76d4efaf2838_1777603250861,,auth,webbrowser_result,"{""type"":""dismiss"",""hasUrl"":false}"
a6e94402-2a16-4b4c-9795-cf26f9c74d89,2026-02-23 19:46:39.685416+00,d_c378e05089bfc_1771875886770,,auth,oauth_return_cached,"{""hasUrl"":false}"
a6ed1ad2-5fcf-42ca-b642-82823ebad270,2026-04-05 23:58:07.071227+00,d_9100d1cfba86d8_1775433471923,,auth,oauth_url_ready,"{""hasUrl"":true}"
a72b08f1-dc8e-41ad-80d9-f622cad2b8a8,2026-02-03 22:24:25.394554+00,d_38ab48f4b46bc8_1770157465311,,auth,google_press,{}
a8d892eb-b728-4d99-9287-c76e600ad717,2026-05-01 01:53:53.51016+00,d_06f9741747fd08_1777600315849,,auth,oauth_url_ready,"{""hasUrl"":true}"
a912b7b4-e836-4ca7-bd96-2d349419493b,2026-02-23 18:48:14.355889+00,d_12cb9026449cdd_1771872435205,,auth,oauth_url_ready,"{""hasUrl"":true}"
a92e437a-30c7-4cd7-a13b-29ff65a419a5,2026-02-23 19:45:48.425187+00,d_c378e05089bfc_1771875886770,,auth,oauth_start,"{""redirectPath"":""auth/callback""}"
a9609dbf-1ce2-4c91-9fcc-eefd7c7bc0d3,2026-01-31 19:10:47.589029+00,d_483373289a0f44_1769886647485,,auth,google_press,{}
a99a3899-e243-476b-8813-42bd4a299eaa,2026-04-05 23:57:52.515664+00,d_9100d1cfba86d8_1775433471923,,auth,oauth_url_ready,"{""hasUrl"":true}"
aac251c3-968a-4d93-9ee8-7a0ac6d76f5d,2026-05-07 20:44:20.773897+00,d_eb04f65dbc80d8_1774135538176,,auth,google_press,{}
ab6e99ba-6f72-41e6-9740-e36efb09180c,2026-02-09 07:29:56.783308+00,d_e3f6bd9b651ef8_1770622140509,,auth,oauth_start,"{""redirectPath"":""auth/callback""}"
abf6a58f-c2b7-4c45-99bb-04936319bec4,2026-04-05 23:57:58.502009+00,d_9100d1cfba86d8_1775433471923,,auth,oauth_return_cached,"{""hasUrl"":false}"
ac47bdf4-de6b-4ce6-a114-b050ec5c614d,2026-04-12 07:43:31.953+00,d_d58ef8ba3f26c_1775979811595,,auth,oauth_start,"{""redirectPath"":""auth/callback""}"
ac70f3e7-09c9-4a09-8fdb-6d7fb1306927,2026-02-23 19:44:47.831525+00,d_c378e05089bfc_1771875886770,,auth,webbrowser_result,"{""type"":""cancel"",""hasUrl"":false}"
acd4a861-e057-4cac-b04c-bfd10e6c77ef,2026-02-23 01:05:26.763737+00,d_e0634008d876f8_1769957310244,,auth,webbrowser_result,"{""type"":""success"",""hasUrl"":true}"
ad5da9bc-a8a7-4d6d-9bc7-229e73e2644a,2026-05-01 02:49:50.351206+00,d_6e76d4efaf2838_1777603250861,,auth,oauth_start,"{""redirectPath"":""auth/callback""}"
ad98a196-09d0-4cae-b2dd-c9cd55b78ccd,2026-05-01 01:56:13.46189+00,d_06f9741747fd08_1777600315849,,auth,oauth_return_cached,"{""hasUrl"":false}"
ad9aa7ac-643f-49bf-83b8-b5b75e786242,2026-02-23 18:47:27.049052+00,d_12cb9026449cdd_1771872435205,,auth,oauth_url_ready,"{""hasUrl"":true}"
ada4deb2-7574-442f-b8ac-2498bb65e48c,2026-02-22 23:32:54.45573+00,d_393ab8b7ce893a_1771803171721,,auth,oauth_url_ready,"{""hasUrl"":true}"
ae347c3b-b3b8-4fa1-aef2-224112476e01,2026-02-28 14:48:42.313992+00,d_b1da13429509b8_1772290103532,,auth,oauth_return_cached,"{""hasUrl"":false}"
ae94e7d3-d0b1-42d2-8367-fdf377765a71,2026-02-22 00:36:33.940805+00,d_d123e33159b38_1771720593478,,auth,oauth_start,"{""redirectPath"":""auth/callback""}"
aebb9b59-f8e8-4c0a-bef9-4b3e3a062970,2026-03-07 01:22:12.119587+00,d_6c9e7484c59f28_1772846526142,,auth,oauth_start,"{""redirectPath"":""auth/callback""}"
aef641aa-b452-4550-b19b-e137e9477858,2026-03-01 02:23:29.780572+00,d_a164d9344b7958_1772331808274,,auth,webbrowser_result,"{""type"":""cancel"",""hasUrl"":false}"
af1f6cda-5eef-47a1-8e4c-7f9257f2a7e1,2026-05-01 02:40:52.785963+00,d_6e76d4efaf2838_1777603250861,,auth,google_press,{}
af21a661-0f9e-4f00-a905-aa6122533cf4,2026-02-23 18:49:10.215252+00,d_12cb9026449cdd_1771872435205,,auth,webbrowser_result,"{""type"":""cancel"",""hasUrl"":false}"
af8d6712-a6d0-4560-947b-5487d454d4de,2026-02-23 19:46:41.642141+00,d_c378e05089bfc_1771875886770,,auth,oauth_start,"{""redirectPath"":""auth/callback""}"
b0100ebd-dffd-4721-afaf-2fbebc73b221,2026-02-13 17:20:24.453053+00,d_88b3688526179_1771003203273,,auth,webbrowser_result,"{""type"":""cancel"",""hasUrl"":false}"
b0bda3b5-c90a-444d-8ab0-03ceaa1b8b30,2026-02-23 18:47:15.702168+00,d_12cb9026449cdd_1771872435205,,auth,oauth_start,"{""redirectPath"":""auth/callback""}"
b0be0df5-d6db-4d39-ab25-15b7de7701d6,2026-02-23 18:49:35.718627+00,d_12cb9026449cdd_1771872435205,,auth,oauth_url_ready,"{""hasUrl"":true}"
b0e3ba53-c336-45fb-b54e-71cda7e74e2b,2026-05-01 02:51:00.155695+00,d_6e76d4efaf2838_1777603250861,,auth,oauth_url_ready,"{""hasUrl"":true}"
b15248f6-a981-41b5-a0e5-2321c47536d4,2026-02-23 19:45:40.22181+00,d_c378e05089bfc_1771875886770,,auth,oauth_start,"{""redirectPath"":""auth/callback""}"
b18f6b63-3460-47d6-96b0-4ac876887878,2026-05-01 12:33:38.423725+00,d_e1642ee7780ac_1777638750403,,auth,webbrowser_result,"{""type"":""dismiss"",""hasUrl"":false}"
b1a308f3-865f-481c-b796-e08aa761e7b0,2026-02-22 23:33:05.573965+00,d_393ab8b7ce893a_1771803171721,,auth,webbrowser_result,"{""type"":""dismiss"",""hasUrl"":false}"
b1e225f3-dd96-4fa2-8f6c-f57b7bcdc1f5,2026-05-07 20:44:20.931808+00,d_eb04f65dbc80d8_1774135538176,,auth,oauth_start,"{""redirectPath"":""auth/callback""}"
b20adf66-fddb-4da6-b706-052f6f4519b9,2026-05-01 01:59:51.174807+00,d_06f9741747fd08_1777600315849,,auth,oauth_return_cached,"{""hasUrl"":false}"
b220818c-413e-464a-bc01-7b1b5217f293,2026-03-07 01:22:07.753238+00,d_6c9e7484c59f28_1772846526142,,auth,oauth_return_cached,"{""hasUrl"":false}"
b2c8e327-9fa7-4685-ac43-8944fc644ec4,2026-04-06 03:12:29.289259+00,d_354575e1ef8b48_1775445148888,,auth,oauth_url_ready,"{""hasUrl"":true}"
b3598dec-0c7e-4e39-a91d-a3094f6fab79,2026-04-05 23:57:54.843887+00,d_9100d1cfba86d8_1775433471923,,auth,google_press,{}
b36d1022-0d30-406f-b950-dc1ee993d3a9,2026-02-01 00:01:10.414816+00,d_f2c53c08e37888_1769904070222,,auth,google_press,{}
b3802b06-ab9d-4f1c-ad8e-7e0dbf6979f4,2026-02-23 18:47:49.289375+00,d_12cb9026449cdd_1771872435205,,auth,google_press,{}
b3a2521f-a445-4e22-ac10-35ba8eebcee4,2026-02-13 17:20:24.258649+00,d_88b3688526179_1771003203273,,auth,oauth_url_ready,"{""hasUrl"":true}"
b3af843d-2299-43cb-b097-f36ce6187464,2026-02-23 22:55:36.824254+00,d_ebb7d953f2bc28_1771887281124,,auth,google_press,{}
b3d3e53f-0b6c-4e33-9cc2-0a81a2a25016,2026-02-23 22:55:21.5555+00,d_ebb7d953f2bc28_1771887281124,,auth,oauth_return_cached,"{""hasUrl"":false}"
b3e96b43-feda-4dc5-9413-a3eb9e3356bf,2026-02-13 17:20:04.900316+00,d_88b3688526179_1771003203273,,auth,oauth_return_cached,"{""hasUrl"":false}"
b412a59e-8283-4229-8edb-e34f16e9c29e,2026-05-01 01:52:30.181634+00,d_06f9741747fd08_1777600315849,,auth,google_press,{}
b41f2ff3-c70f-48a6-adaa-01859e177c21,2026-01-31 17:12:15.419606+00,d_f49572ecb3eed_1769879534830,,auth,oauth_url_ready,"{""hasUrl"":true}"
b4a248ff-5fa5-4a39-b52e-b11d8e05889e,2026-02-23 19:45:24.132656+00,d_c378e05089bfc_1771875886770,,auth,oauth_return_cached,"{""hasUrl"":false}"
b4d39dd9-88f9-4f00-8e27-d487f6dbf3e7,2026-02-23 18:47:49.742749+00,d_12cb9026449cdd_1771872435205,,auth,webbrowser_result,"{""type"":""cancel"",""hasUrl"":false}"
b53109ad-c196-4e9b-bc58-a0f1b3773e4b,2026-05-01 12:33:35.38042+00,d_e1642ee7780ac_1777638750403,,auth,oauth_start,"{""redirectPath"":""auth/callback""}"
b560556d-daef-479f-ac50-117fba108a9a,2026-02-13 17:20:24.588738+00,d_88b3688526179_1771003203273,,auth,oauth_return_cached,"{""hasUrl"":false}"
b5689d5d-4fcf-44e0-adcd-58b591aed287,2026-02-11 09:21:27.543928+00,d_cc61f970a326b8_1770801687209,,auth,oauth_start,"{""redirectPath"":""auth/callback""}"
b582b9f4-41b0-4882-9cd0-543f39d09289,2026-02-23 22:56:06.154083+00,d_ebb7d953f2bc28_1771887281124,,auth,oauth_url_ready,"{""hasUrl"":true}"
b5ca7f09-bdf1-42a6-bb42-f14b5afe1f95,2026-02-01 14:48:30.320826+00,d_e0634008d876f8_1769957310244,,auth,google_press,{}
b5e6f889-4d4e-4fb0-b144-8597a1cf67ee,2026-02-23 00:40:15.651092+00,d_addc5209c81648_1771807205291,,auth,google_press,{}
b5e93530-4d8f-4701-9c7e-d16f9dd64701,2026-04-05 23:57:58.202929+00,d_9100d1cfba86d8_1775433471923,,auth,oauth_url_ready,"{""hasUrl"":true}"
b60e310c-d57e-409b-ad66-ed3e49fc46ad,2026-05-01 02:36:53.746719+00,d_acacb29dc49e98_1777603011477,,auth,oauth_start,"{""redirectPath"":""auth/callback""}"
b63ebf18-90f2-4532-b904-2ebeb566b4c0,2026-02-13 17:20:04.553149+00,d_88b3688526179_1771003203273,,auth,webbrowser_result,"{""type"":""cancel"",""hasUrl"":false}"
b6862f2f-2c57-4177-8f1a-3ae4c0024ccb,2026-02-08 19:00:18.542702+00,d_e0634008d876f8_1769957310244,,auth,google_press,{}
b75d5e2a-8965-4606-90d5-ce4647537a5a,2026-02-23 19:45:02.470643+00,d_c378e05089bfc_1771875886770,,auth,google_press,{}
b7fb2b2e-9c11-4116-863d-d1aa9a204fdd,2026-02-02 15:37:24.733374+00,d_f656db4f22d8a_1770046634249,,auth,webbrowser_result,"{""type"":""cancel"",""hasUrl"":false}"
b88d275b-69df-4bcb-881c-e43cff026c93,2026-02-23 19:46:39.06653+00,d_c378e05089bfc_1771875886770,,auth,google_press,{}
b93c34a4-8f59-43d5-b7bc-ab8c86900fea,2026-04-05 15:19:39.354156+00,d_eb04f65dbc80d8_1774135538176,,auth,oauth_return_cached,"{""hasUrl"":true}"
b93d9fb7-1019-4028-8d92-5940200e2027,2026-06-23 02:00:36.439168+00,d_eb04f65dbc80d8_1774135538176,186df23b-6cbd-40b1-a921-430921a73e9c,privacy,social_opt_out_database_update_success,"{""timestamp"":""2026-06-23T02:00:36.253Z"",""next_value"":true,""source_screen"":""settings"",""previous_value"":false}"
b9563693-d8f0-4bdb-b32a-8fa41c577eff,2026-02-23 18:47:18.922277+00,d_12cb9026449cdd_1771872435205,,auth,oauth_url_ready,"{""hasUrl"":true}"
b9acdf6d-2e18-4e06-b791-fa304d9d9e41,2026-02-22 23:30:19.343728+00,d_e0634008d876f8_1769957310244,,auth,webbrowser_result,"{""type"":""success"",""hasUrl"":true}"
b9f63535-004f-4edc-bea5-87e59be3f05d,2026-05-01 01:49:22.916979+00,d_f707ff88c7d65_1777600098998,,auth,oauth_start,"{""redirectPath"":""auth/callback""}"
b9f7facc-60b1-4067-8e83-9161beaf147d,2026-02-23 00:40:33.307312+00,d_addc5209c81648_1771807205291,,auth,webbrowser_result,"{""type"":""cancel"",""hasUrl"":false}"
bb2189b5-022c-4cf0-9f5b-921bad6887be,2026-01-31 22:55:14.690497+00,d_f4480580f62e38_1769900114423,,auth,google_press,{}
bb3aa506-59c1-4ee0-bf45-2cdd5fbd70e2,2026-02-26 03:03:00.275673+00,d_e0634008d876f8_1769957310244,,auth,oauth_return_cached,"{""hasUrl"":true}"
bb66bca7-6fab-4e2c-91d5-b9a146e43ff4,2026-04-12 07:43:52.959619+00,d_d58ef8ba3f26c_1775979811595,,auth,oauth_return_cached,"{""hasUrl"":false}"
bba2b1b9-deee-4bb4-8eda-1f55453783c6,2026-02-23 22:54:41.449496+00,d_ebb7d953f2bc28_1771887281124,,auth,google_press,{}
bbee2721-4073-4048-bab0-737a1ba154bc,2026-01-31 16:09:12.601845+00,d_cb6e7b94aa0f3_1769875747558,,auth,oauth_url_ready,"{""hasUrl"":true}"
bc830850-2e09-4138-a31b-c8388657377a,2026-01-31 17:12:27.105265+00,d_f49572ecb3eed_1769879534830,,auth,google_press,{}
bca58843-2e6c-4d5d-ae64-f0e2830fb669,2026-01-31 22:55:31.017384+00,d_f4480580f62e38_1769900114423,,auth,oauth_return_cached,"{""hasUrl"":true}"
bcb4d6ad-a064-4373-9e79-b97dfb9e204f,2026-04-06 03:12:29.756623+00,d_354575e1ef8b48_1775445148888,,auth,oauth_return_cached,"{""hasUrl"":false}"
bcfc11d6-b267-4a7f-a993-5736bc91c461,2026-01-31 17:13:04.220671+00,d_f49572ecb3eed_1769879534830,,auth,webbrowser_result,"{""type"":""cancel"",""hasUrl"":false}"
bd26ae4f-8123-4a52-ab7d-db8547c1b68f,2026-01-31 23:03:36.961561+00,d_f4480580f62e38_1769900114423,,auth,oauth_start,"{""redirectPath"":""auth/callback""}"
bd421235-8545-497f-94ed-d27b4cb984a0,2026-03-21 23:25:40.897904+00,d_eb04f65dbc80d8_1774135538176,,auth,oauth_return_cached,"{""hasUrl"":true}"
bd4a03da-f76c-47e9-a65d-8af84d0bc4ad,2026-02-22 00:36:34.120541+00,d_d123e33159b38_1771720593478,,auth,oauth_url_ready,"{""hasUrl"":true}"
be00374b-197e-4880-85cb-0c8712161246,2026-02-23 18:47:19.369511+00,d_12cb9026449cdd_1771872435205,,auth,oauth_return_cached,"{""hasUrl"":false}"
be02ffb8-a1eb-4f9b-805c-172e73770625,2026-02-23 01:13:55.833158+00,d_e0634008d876f8_1769957310244,,auth,webbrowser_result,"{""type"":""success"",""hasUrl"":true}"
be0efc61-2602-46a5-99e3-9c1bebcad0e8,2026-02-23 18:47:45.434707+00,d_12cb9026449cdd_1771872435205,,auth,google_press,{}
be21a65c-748d-455a-aab9-3b0a10dfa00d,2026-01-31 17:13:41.831923+00,d_f49572ecb3eed_1769879534830,,auth,oauth_return_cached,"{""hasUrl"":false}"
be545b2e-3cb0-4762-b978-27b85d4aec53,2026-01-31 19:47:48.673106+00,d_fae7f7b5967e48_1769888868373,,auth,oauth_url_ready,"{""hasUrl"":true}"
be7dfe9b-be65-4b10-8050-8b9b89c2ac7b,2026-02-23 22:55:10.247577+00,d_ebb7d953f2bc28_1771887281124,,auth,oauth_url_ready,"{""hasUrl"":true}"
beef7b73-51bd-410e-8983-1fe61920c785,2026-02-11 09:22:12.920487+00,d_cc61f970a326b8_1770801687209,,auth,oauth_start,"{""redirectPath"":""auth/callback""}"
befa442e-2892-45cf-a9ba-02f1fb7a2a5d,2026-04-12 07:44:47.557024+00,d_d58ef8ba3f26c_1775979811595,,auth,google_press,{}
bf4a15c7-ecdf-42ac-8aa3-f4b1d1f5e086,2026-03-21 23:25:40.757206+00,d_eb04f65dbc80d8_1774135538176,,auth,webbrowser_result,"{""type"":""success"",""hasUrl"":true}"
bf6b426a-0538-4400-b539-1dd63e307294,2026-01-31 22:58:42.31772+00,d_f4480580f62e38_1769900114423,,auth,oauth_return_cached,"{""hasUrl"":true}"
bf7a5a20-eb1a-4fe9-8b06-2378b8116e59,2026-02-23 18:48:44.589312+00,d_12cb9026449cdd_1771872435205,,auth,google_press,{}
c00f573c-877b-44fd-8b3d-030ac5259923,2026-06-23 01:54:44.855407+00,d_eb04f65dbc80d8_1774135538176,186df23b-6cbd-40b1-a921-430921a73e9c,facebook,facebook_connect_button_tapped,"{""hasSession"":true,""redirectKind"":""native"",""currentUserId"":""186df23b-6cbd-40b1-a921-430921a73e9c""}"
c02737f2-3c16-40b2-b922-7898b296daa2,2026-04-05 15:19:34.613914+00,d_eb04f65dbc80d8_1774135538176,,auth,oauth_start,"{""redirectPath"":""auth/callback""}"
c043ef97-d431-483d-9702-f2bf489c828e,2026-05-01 12:32:32.803708+00,d_e1642ee7780ac_1777638750403,,auth,oauth_url_ready,"{""hasUrl"":true}"
c0451926-1aab-4a62-bae5-3abae5bcf4a4,2026-02-22 23:32:51.719385+00,d_e072263008ba48_1771803169090,,auth,google_press,{}
c06b0178-f99a-4e3b-94f1-811700f84809,2026-02-23 19:44:52.411712+00,d_c378e05089bfc_1771875886770,,auth,oauth_return_cached,"{""hasUrl"":false}"
c079d813-4da6-4ca2-b7ea-34bb181c88e8,2026-02-28 14:48:50.520229+00,d_b1da13429509b8_1772290103532,,auth,oauth_start,"{""redirectPath"":""auth/callback""}"
c0bcd433-8b9a-4dee-9f14-ede65f94dbfc,2026-01-31 16:09:54.593859+00,d_406c3649dcd6a_1769875794775,,auth,oauth_url_ready,"{""hasUrl"":true}"
c115d41a-94e8-4901-a262-004beffa4e4e,2026-01-31 17:13:24.76386+00,d_f49572ecb3eed_1769879534830,,auth,oauth_start,"{""redirectPath"":""auth/callback""}"
c12abfb8-1478-4fb5-a43c-775d06106043,2026-02-23 19:46:50.902837+00,d_c378e05089bfc_1771875886770,,auth,webbrowser_result,"{""type"":""cancel"",""hasUrl"":false}"
c12de832-2c23-4128-903c-47b44b7182a3,2026-02-08 18:56:43.996847+00,d_e0634008d876f8_1769957310244,,auth,google_press,{}
c1c1b14b-b59c-4ad2-b8c3-56596dffee31,2026-02-22 23:34:00.509903+00,d_393ab8b7ce893a_1771803171721,,auth,oauth_url_ready,"{""hasUrl"":true}"
c1de489a-5bfe-4974-8e8d-aa1a839d9a92,2026-04-06 03:13:01.61491+00,d_354575e1ef8b48_1775445148888,,auth,oauth_url_ready,"{""hasUrl"":true}"
c25c6749-5390-4879-83d4-d5b56765e4b5,2026-04-12 07:44:48.09744+00,d_d58ef8ba3f26c_1775979811595,,auth,webbrowser_result,"{""type"":""cancel"",""hasUrl"":false}"
c275fb7e-4504-47cd-8351-b1ac6b1727ae,2026-02-23 18:47:40.640113+00,d_12cb9026449cdd_1771872435205,,auth,oauth_start,"{""redirectPath"":""auth/callback""}"
c28cd48a-74ee-425a-b741-0963d75622c8,2026-02-23 22:55:10.518003+00,d_ebb7d953f2bc28_1771887281124,,auth,webbrowser_result,"{""type"":""cancel"",""hasUrl"":false}"
c2c5b489-2a57-4518-a038-e93973350fc3,2026-05-01 12:33:34.922239+00,d_e1642ee7780ac_1777638750403,,auth,google_press,{}
c30e0fb2-1f5e-4e6b-8496-5921ec64ef67,2026-01-31 17:13:35.328675+00,d_f49572ecb3eed_1769879534830,,auth,oauth_url_ready,"{""hasUrl"":true}"
c3133dbf-8680-4f26-bd4c-3c349328c1c7,2026-06-23 02:00:49.053438+00,d_eb04f65dbc80d8_1774135538176,186df23b-6cbd-40b1-a921-430921a73e9c,privacy,social_opt_out_database_update_success,"{""timestamp"":""2026-06-23T02:00:48.839Z"",""next_value"":false,""source_screen"":""settings"",""previous_value"":true}"
c354c59f-1334-49b7-be02-a37a32241165,2026-06-16 12:20:05.373044+00,d_eb04f65dbc80d8_1774135538176,,auth,oauth_return_cached,"{""hasUrl"":true}"
c357f5a7-cd79-4de4-a7c9-acbaa92d8f95,2026-05-01 02:49:50.02939+00,d_6e76d4efaf2838_1777603250861,,auth,google_press,{}
c389dac7-0e69-4bee-a993-1ce7de7b30d5,2026-02-28 14:48:35.264558+00,d_b1da13429509b8_1772290103532,,auth,oauth_url_ready,"{""hasUrl"":true}"
c48804a2-6111-4f49-a233-bfce2d63c5eb,2026-05-01 01:59:16.36473+00,d_06f9741747fd08_1777600315849,,auth,oauth_url_ready,"{""hasUrl"":true}"
c502d33f-07c1-40ee-830a-4664b0e050d6,2026-02-13 17:20:24.135582+00,d_88b3688526179_1771003203273,,auth,oauth_start,"{""redirectPath"":""auth/callback""}"
c58bf559-9d64-4526-ae7a-be87f8a888f1,2026-02-23 18:49:14.398411+00,d_12cb9026449cdd_1771872435205,,auth,webbrowser_result,"{""type"":""cancel"",""hasUrl"":false}"
c6080ba3-bb95-4577-be99-b619db17a528,2026-05-01 01:49:26.927076+00,d_8cc002dc2e51d_1777600095461,,auth,webbrowser_result,"{""type"":""dismiss"",""hasUrl"":false}"
c61d856c-56a5-4c36-b1af-94d5bfe04340,2026-02-23 18:47:41.141824+00,d_12cb9026449cdd_1771872435205,,auth,oauth_return_cached,"{""hasUrl"":false}"
c63acc01-ac43-468a-806c-3792a305cf2e,2026-05-01 01:48:18.012854+00,d_8cc002dc2e51d_1777600095461,,auth,google_press,{}
c65d1555-f5b7-4fc0-bc6a-0e651be9bdf7,2026-05-01 02:37:54.324722+00,d_acacb29dc49e98_1777603011477,,auth,oauth_url_ready,"{""hasUrl"":true}"
c6a99323-8a26-45fa-aca2-a19d7c43493c,2026-02-24 00:14:39.70665+00,d_e0634008d876f8_1769957310244,,auth,google_press,{}
c6b538c5-a4ca-4d4a-8640-258285253bfe,2026-02-02 00:30:59.547905+00,d_13f57e58d22a7c_1769992259071,,auth,oauth_url_ready,"{""hasUrl"":true}"
c70ad130-6568-4eb0-843e-c9ea4351ffd5,2026-02-23 22:54:42.292091+00,d_ebb7d953f2bc28_1771887281124,,auth,webbrowser_result,"{""type"":""cancel"",""hasUrl"":false}"
c72ffe0a-665b-4626-98c8-5a062df242c3,2026-05-01 02:37:09.021384+00,d_cab8ad71ebf46_1777603027665,,auth,google_press,{}
c73c6251-2268-407b-93af-3a86d1c2384e,2026-02-11 09:22:09.395786+00,d_cc61f970a326b8_1770801687209,,auth,oauth_url_ready,"{""hasUrl"":true}"
c781464a-ab05-473d-a20a-bce892851dac,2026-02-23 22:55:39.716278+00,d_ebb7d953f2bc28_1771887281124,,auth,oauth_url_ready,"{""hasUrl"":true}"
c795ccd9-0e9d-4747-a169-012624f7624f,2026-02-23 18:48:03.172073+00,d_12cb9026449cdd_1771872435205,,auth,google_press,{}
c83c3564-487c-40f2-a05a-5ca99a708ee9,2026-01-31 17:12:14.819833+00,d_f49572ecb3eed_1769879534830,,auth,google_press,{}
c847f65e-08f1-444d-9857-f0fb97335951,2026-02-23 19:45:31.417713+00,d_c378e05089bfc_1771875886770,,auth,webbrowser_result,"{""type"":""cancel"",""hasUrl"":false}"
c8527512-4078-42aa-93ee-eadee55262d7,2026-03-09 01:33:15.168985+00,d_90077fdd59ca98_1773019990289,,auth,webbrowser_result,"{""type"":""cancel"",""hasUrl"":false}"
c852768f-5f4b-4815-81ff-a6659f07a201,2026-06-23 02:00:48.665368+00,d_eb04f65dbc80d8_1774135538176,186df23b-6cbd-40b1-a921-430921a73e9c,privacy,social_opt_out_setting_changed_attempt,"{""next_value"":false,""source_screen"":""settings"",""previous_value"":true}"
c86dc107-4df0-4832-a3a3-3af550740a37,2026-04-05 23:57:52.9876+00,d_9100d1cfba86d8_1775433471923,,auth,oauth_return_cached,"{""hasUrl"":false}"
c9704071-5470-49e0-af8f-0dedde7a6387,2026-02-23 22:54:42.466378+00,d_ebb7d953f2bc28_1771887281124,,auth,oauth_return_cached,"{""hasUrl"":false}"
c9f7392b-c641-4de0-9ad9-9ef5a4c73e30,2026-02-23 00:40:10.748662+00,d_addc5209c81648_1771807205291,,auth,oauth_start,"{""redirectPath"":""auth/callback""}"
ca084d24-e87c-49a2-9e83-a9d6fe0739f2,2026-02-23 18:48:00.882653+00,d_12cb9026449cdd_1771872435205,,auth,oauth_url_ready,"{""hasUrl"":true}"
ca249fac-5730-45d4-afe6-cbc0154ef9bb,2026-01-31 17:13:19.196467+00,d_f49572ecb3eed_1769879534830,,auth,oauth_url_ready,"{""hasUrl"":true}"
ca390e82-f0f3-4206-b65d-b59fc960fd99,2026-02-23 00:40:06.525191+00,d_addc5209c81648_1771807205291,,auth,webbrowser_result,"{""type"":""cancel"",""hasUrl"":false}"
cad9fe5b-f76b-4b82-9336-bfbcfc4838d9,2026-02-23 18:47:56.510316+00,d_12cb9026449cdd_1771872435205,,auth,oauth_url_ready,"{""hasUrl"":true}"
cb729dcd-0f16-48e9-91ed-a319cf59648a,2026-02-13 17:20:21.813622+00,d_88b3688526179_1771003203273,,auth,oauth_start,"{""redirectPath"":""auth/callback""}"
cb7dbd53-b302-41bd-8c68-d601540300bb,2026-02-23 19:44:47.393799+00,d_c378e05089bfc_1771875886770,,auth,oauth_url_ready,"{""hasUrl"":true}"
cb839ef3-c26c-4b22-b8d5-7a9582ba2744,2026-01-31 16:11:37.530798+00,d_1db54cae693d35_1769875897381,,auth,google_press,{}
cbdb1d33-676f-421e-9190-2b5377be3abf,2026-02-22 23:30:19.488602+00,d_e0634008d876f8_1769957310244,,auth,oauth_return_cached,"{""hasUrl"":true}"
cc14e61f-51d6-4876-abbb-45c9d4bbc1cf,2026-02-26 03:03:00.166261+00,d_e0634008d876f8_1769957310244,,auth,webbrowser_result,"{""type"":""success"",""hasUrl"":true}"
ccee1a56-0483-4755-95ec-7126ec181134,2026-05-01 01:56:09.701044+00,d_06f9741747fd08_1777600315849,,auth,oauth_url_ready,"{""hasUrl"":true}"
ccff0493-e89f-4456-90cb-97ab9cf444ff,2026-02-28 14:48:55.697987+00,d_b1da13429509b8_1772290103532,,auth,google_press,{}
cdee3467-592f-4c29-9aca-60e1ece7ec0d,2026-02-19 17:54:28.826045+00,d_651344fcaecbdc_1771523668969,,auth,google_press,{}
ce4c822a-0523-4e62-a822-bf8537d7c56a,2026-02-23 18:47:49.846332+00,d_12cb9026449cdd_1771872435205,,auth,oauth_return_cached,"{""hasUrl"":false}"
ce74d060-0f23-47de-8349-54f403d31ac1,2026-02-23 22:56:45.392732+00,d_ebb7d953f2bc28_1771887281124,,auth,webbrowser_result,"{""type"":""cancel"",""hasUrl"":false}"
ce8972a6-1ec7-440a-ad75-15b8cba39a3d,2026-02-23 18:48:14.621184+00,d_12cb9026449cdd_1771872435205,,auth,webbrowser_result,"{""type"":""cancel"",""hasUrl"":false}"
ce8d10eb-6ca0-45ab-a758-2f24e27f7480,2026-02-10 03:47:44.486044+00,d_2bfe3e66c87824_1770695264023,,auth,oauth_start,"{""redirectPath"":""auth/callback""}"
cebf31a9-0a21-4096-b7fa-f32105f1597b,2026-02-08 19:00:18.675076+00,d_e0634008d876f8_1769957310244,,auth,oauth_start,"{""redirectPath"":""auth/callback""}"
cf160bc6-1287-486a-a391-5052e2b08e20,2026-01-31 17:13:24.879286+00,d_f49572ecb3eed_1769879534830,,auth,oauth_url_ready,"{""hasUrl"":true}"
cf2075a2-3d36-4265-b13e-1d01d0b7288c,2026-02-23 22:55:21.400693+00,d_ebb7d953f2bc28_1771887281124,,auth,webbrowser_result,"{""type"":""cancel"",""hasUrl"":false}"
cf713d09-e54e-47c7-b7d9-a5024fde6f78,2026-01-31 19:47:49.197018+00,d_fae7f7b5967e48_1769888868373,,auth,oauth_return_cached,"{""hasUrl"":false}"
cf90a76c-f4ec-4fac-9c4e-89003c815928,2026-02-23 22:55:39.941963+00,d_ebb7d953f2bc28_1771887281124,,auth,webbrowser_result,"{""type"":""cancel"",""hasUrl"":false}"
cf9707fa-c8ae-4c5c-922c-00da6586cc0b,2026-02-13 17:20:21.681498+00,d_88b3688526179_1771003203273,,auth,google_press,{}
cfb62557-3ee2-478d-9ffa-39db0f4caba8,2026-05-01 01:48:18.53747+00,d_8cc002dc2e51d_1777600095461,,auth,oauth_url_ready,"{""hasUrl"":true}"
cfd3cc18-3f49-463d-9ba9-1b8222edf2b5,2026-02-23 19:46:50.99962+00,d_c378e05089bfc_1771875886770,,auth,oauth_return_cached,"{""hasUrl"":false}"
cfe00574-9d8d-45b8-827e-0eb14fa11729,2026-06-23 01:54:23.023358+00,d_eb04f65dbc80d8_1774135538176,186df23b-6cbd-40b1-a921-430921a73e9c,facebook,facebook_connect_button_tapped,"{""hasSession"":true,""redirectKind"":""native"",""currentUserId"":""186df23b-6cbd-40b1-a921-430921a73e9c""}"
cfe48ee6-bf76-48e2-ba91-94dd31da49c5,2026-02-10 03:47:45.090727+00,d_2bfe3e66c87824_1770695264023,,auth,webbrowser_result,"{""type"":""cancel"",""hasUrl"":false}"
d005e394-4eaf-4a12-86cd-7b6ead28de6b,2026-05-01 02:33:52.578619+00,d_eb04f65dbc80d8_1774135538176,,auth,google_press,{}
d00a267b-ed25-4410-96f4-7dac1d85236a,2026-02-18 21:40:58.061461+00,d_e0634008d876f8_1769957310244,,auth,webbrowser_result,"{""type"":""success"",""hasUrl"":true}"
d015f89a-7b59-403f-9488-efb6ff16b83d,2026-02-23 18:48:14.073538+00,d_12cb9026449cdd_1771872435205,,auth,google_press,{}
d038be4a-2f3e-4f9b-8667-9afb1b375454,2026-02-08 18:50:27.617193+00,d_8d6f5388f6029_1770576615728,,auth,webbrowser_result,"{""type"":""success"",""hasUrl"":true}"
d03ccda6-bed1-4339-84fa-3ebcb8f5f3d9,2026-02-19 17:54:28.961143+00,d_651344fcaecbdc_1771523668969,,auth,oauth_start,"{""redirectPath"":""auth/callback""}"
d0719f21-3c0e-44b9-93d6-130d04c1b5bb,2026-03-09 01:33:24.217106+00,d_90077fdd59ca98_1773019990289,,auth,webbrowser_result,"{""type"":""cancel"",""hasUrl"":false}"
d0cbe761-6855-491a-9bed-fca91998f37b,2026-02-26 03:02:54.981095+00,d_e0634008d876f8_1769957310244,,auth,google_press,{}
d0dd8aba-97af-4930-8a17-73dfbd4bf61a,2026-02-23 19:46:41.754783+00,d_c378e05089bfc_1771875886770,,auth,oauth_url_ready,"{""hasUrl"":true}"
d14379bf-7248-4832-92f9-a198521950f9,2026-02-23 01:05:26.85692+00,d_e0634008d876f8_1769957310244,,auth,oauth_return_cached,"{""hasUrl"":true}"
d153f162-2c70-4a46-bed1-f676f4f760f3,2026-05-01 01:55:42.10687+00,d_06f9741747fd08_1777600315849,,auth,webbrowser_result,"{""type"":""dismiss"",""hasUrl"":false}"
d1a71a4e-16c7-43df-9f00-b3366c6476d7,2026-02-23 18:47:27.293742+00,d_12cb9026449cdd_1771872435205,,auth,webbrowser_result,"{""type"":""cancel"",""hasUrl"":false}"
d2080c7e-39bb-4d13-9033-f1b62a3c312d,2026-05-01 02:44:35.064294+00,d_6e76d4efaf2838_1777603250861,,auth,webbrowser_result,"{""type"":""dismiss"",""hasUrl"":false}"
d22da30b-6c26-4811-b52e-6ec9445f57d5,2026-02-23 18:49:14.032581+00,d_12cb9026449cdd_1771872435205,,auth,oauth_start,"{""redirectPath"":""auth/callback""}"
d24a9061-67bf-42b5-9fc8-6d1d330e41b1,2026-02-10 03:47:45.218933+00,d_2bfe3e66c87824_1770695264023,,auth,oauth_return_cached,"{""hasUrl"":false}"
d2bfc573-17d6-48e7-8537-d39def8834ae,2026-05-01 02:49:55.528248+00,d_6e76d4efaf2838_1777603250861,,auth,webbrowser_result,"{""type"":""dismiss"",""hasUrl"":false}"
d316da6f-79db-4277-ae10-804c1deae2fa,2026-02-28 14:48:38.30897+00,d_b1da13429509b8_1772290103532,,auth,google_press,{}
d3362b50-ce68-46c3-9458-d46e2876df4f,2026-01-31 17:12:15.089603+00,d_f49572ecb3eed_1769879534830,,auth,oauth_start,"{""redirectPath"":""auth/callback""}"
d34acc09-2f50-4bec-82c1-f795271b885e,2026-02-23 19:45:31.083989+00,d_c378e05089bfc_1771875886770,,auth,oauth_start,"{""redirectPath"":""auth/callback""}"
d385a132-71fb-42bc-b525-6cc1d32d80aa,2026-02-23 22:56:11.055339+00,d_ebb7d953f2bc28_1771887281124,,auth,oauth_return_cached,"{""hasUrl"":false}"
d39ed162-a0b6-4018-bac2-1ab0027769ea,2026-05-01 02:42:05.4884+00,d_6e76d4efaf2838_1777603250861,,auth,oauth_url_ready,"{""hasUrl"":true}"
d3b0991b-3fa4-4041-a10a-bc4dd403972f,2026-05-01 12:32:32.327349+00,d_e1642ee7780ac_1777638750403,,auth,google_press,{}
d3e739c6-c0c0-4af0-802d-349af0cbbe97,2026-02-13 17:20:44.663266+00,d_88b3688526179_1771003203273,,auth,oauth_start,"{""redirectPath"":""auth/callback""}"
d40e41f3-b5b5-4335-9154-1372c41ef4a7,2026-02-23 22:56:06.043909+00,d_ebb7d953f2bc28_1771887281124,,auth,oauth_start,"{""redirectPath"":""auth/callback""}"
d4808733-30db-47d7-b050-b894f20f2b79,2026-06-23 02:00:34.677006+00,d_eb04f65dbc80d8_1774135538176,186df23b-6cbd-40b1-a921-430921a73e9c,facebook,facebook_final_ui_state,"{""source"":""users"",""identityConnected"":false,""persistedConnected"":false}"
d4b22435-4857-47a5-8fd5-36cd4f300803,2026-02-23 22:56:45.502271+00,d_ebb7d953f2bc28_1771887281124,,auth,oauth_return_cached,"{""hasUrl"":false}"
d4c02547-5ea3-4055-949b-b4a0ee34a559,2026-05-01 02:51:46.41153+00,d_6e76d4efaf2838_1777603250861,,auth,oauth_return_cached,"{""hasUrl"":false}"
d4c7975a-4e24-4487-bbf4-9d24bd5e22da,2026-01-31 17:13:04.353+00,d_f49572ecb3eed_1769879534830,,auth,oauth_return_cached,"{""hasUrl"":false}"
d4f7da21-0d28-4688-a5ec-7464a12ceb6a,2026-05-01 02:38:19.482408+00,d_cab8ad71ebf46_1777603027665,,auth,webbrowser_result,"{""type"":""dismiss"",""hasUrl"":false}"
d554a262-d9fd-4c9f-95a3-8f15bad11911,2026-05-01 02:37:09.175495+00,d_cab8ad71ebf46_1777603027665,,auth,oauth_start,"{""redirectPath"":""auth/callback""}"
d575fe86-adeb-4392-9e81-b3bf8a117fae,2026-04-05 23:58:07.277494+00,d_9100d1cfba86d8_1775433471923,,auth,webbrowser_result,"{""type"":""cancel"",""hasUrl"":false}"
d5870a71-7b20-41fc-b006-494ce18044bd,2026-02-08 18:52:43.70252+00,d_5eb5561a1db184_1770576763443,,auth,oauth_url_ready,"{""hasUrl"":true}"
d5d0f077-b6a4-4bc7-a354-06ae89a447e9,2026-02-28 14:48:50.412996+00,d_b1da13429509b8_1772290103532,,auth,google_press,{}
d60780d0-2a6f-4a35-8b1d-baf8a67717ee,2026-02-23 22:54:44.669867+00,d_ebb7d953f2bc28_1771887281124,,auth,oauth_url_ready,"{""hasUrl"":true}"
d657babb-8187-4685-810f-39c8143fabd3,2026-02-23 01:05:18.872282+00,d_e0634008d876f8_1769957310244,,auth,oauth_start,"{""redirectPath"":""auth/callback""}"
d6daf228-d10a-454f-91e8-f955e6d436b6,2026-02-23 19:46:14.747158+00,d_c378e05089bfc_1771875886770,,auth,google_press,{}
d6f0c0e4-143c-49e5-9d1a-4af8bad0b71e,2026-02-22 23:32:54.148085+00,d_393ab8b7ce893a_1771803171721,,auth,oauth_start,"{""redirectPath"":""auth/callback""}"
d7106650-47bf-45d4-a00f-3034a9f38d8f,2026-02-23 18:48:26.006698+00,d_12cb9026449cdd_1771872435205,,auth,oauth_url_ready,"{""hasUrl"":true}"
d75ba487-84e8-49f4-93eb-ccb62a28d539,2026-01-31 17:12:23.595535+00,d_f49572ecb3eed_1769879534830,,auth,oauth_url_ready,"{""hasUrl"":true}"
d786446c-9258-4983-88e7-13ce2ce2d6c9,2026-02-23 19:45:19.557818+00,d_c378e05089bfc_1771875886770,,auth,google_press,{}
d78c8644-6827-4d04-ac89-81562351bc06,2026-02-09 07:29:00.945842+00,d_e3f6bd9b651ef8_1770622140509,,auth,oauth_url_ready,"{""hasUrl"":true}"
d8498784-2e75-47d5-b9ef-3e5fde00f1d8,2026-02-23 19:46:39.359302+00,d_c378e05089bfc_1771875886770,,auth,oauth_url_ready,"{""hasUrl"":true}"
d85610c7-f9a7-41b9-a5ff-d0de914c4a77,2026-05-01 01:48:24.958834+00,d_8cc002dc2e51d_1777600095461,,auth,webbrowser_result,"{""type"":""dismiss"",""hasUrl"":false}"
d8867ee7-4478-4d22-8553-43fcdf4cb2e4,2026-02-23 18:47:45.901196+00,d_12cb9026449cdd_1771872435205,,auth,webbrowser_result,"{""type"":""cancel"",""hasUrl"":false}"
d8c2f222-1741-40ce-966f-6c1c3d164137,2026-05-01 01:49:27.083253+00,d_8cc002dc2e51d_1777600095461,,auth,oauth_return_cached,"{""hasUrl"":false}"
d8f06825-4543-4692-97cf-77f8eadfed60,2026-02-23 18:48:58.960572+00,d_12cb9026449cdd_1771872435205,,auth,google_press,{}
d96903b6-ad8e-4b7a-9fcc-2c3190147012,2026-01-31 17:13:25.318778+00,d_f49572ecb3eed_1769879534830,,auth,oauth_return_cached,"{""hasUrl"":false}"
d9cb5eae-0798-4135-a138-ab130a216eb3,2026-02-11 09:21:28.99897+00,d_cc61f970a326b8_1770801687209,,auth,oauth_return_cached,"{""hasUrl"":false}"
da7f2364-a8b5-45c2-a604-f4b8e9a7627c,2026-02-23 00:40:36.842239+00,d_addc5209c81648_1771807205291,,auth,oauth_start,"{""redirectPath"":""auth/callback""}"
da980705-c7a4-441e-b057-a59e3a0b85b1,2026-02-23 00:40:05.483859+00,d_addc5209c81648_1771807205291,,auth,google_press,{}
daa9e326-c8d2-486f-9303-ff8c0a444cfa,2026-05-01 02:48:59.742252+00,d_6e76d4efaf2838_1777603250861,,auth,oauth_url_ready,"{""hasUrl"":true}"
db3a63ed-2f9d-4656-bf3c-b525b2685990,2026-05-01 02:43:12.203031+00,d_6e76d4efaf2838_1777603250861,,auth,google_press,{}
db594f8e-4d42-460d-91d9-d3272e174375,2026-02-11 09:22:13.052264+00,d_cc61f970a326b8_1770801687209,,auth,oauth_url_ready,"{""hasUrl"":true}"
dc89ebf4-cd6c-4048-b84b-342adbcb3355,2026-05-01 01:51:57.8671+00,d_06f9741747fd08_1777600315849,,auth,google_press,{}
dcc4546b-3280-4dc6-bb6b-244c71689b17,2026-05-01 16:47:07.36591+00,d_121ca6615d4c7e_1777654026368,,auth,oauth_return_cached,"{""hasUrl"":false}"
dd31aa0c-159b-46e9-b7b3-de89894c2fa4,2026-02-28 14:48:41.899461+00,d_b1da13429509b8_1772290103532,,auth,oauth_start,"{""redirectPath"":""auth/callback""}"
dd3b4ccf-253a-4766-bc7a-2147a810b2e0,2026-02-23 18:47:15.439095+00,d_12cb9026449cdd_1771872435205,,auth,google_press,{}
dd41fa85-30f3-4c8e-9135-a2d90e519fa9,2026-04-05 23:57:52.237884+00,d_9100d1cfba86d8_1775433471923,,auth,google_press,{}
de0d4737-ac4f-4a52-a3a3-de07f426c903,2026-04-06 03:13:01.511809+00,d_354575e1ef8b48_1775445148888,,auth,oauth_start,"{""redirectPath"":""auth/callback""}"
de94e02d-2091-407e-9cfb-0845cfb412de,2026-01-31 17:12:51.299748+00,d_f49572ecb3eed_1769879534830,,auth,oauth_start,"{""redirectPath"":""auth/callback""}"
dea7e741-bbf7-4f80-b0d8-53fd124623a8,2026-02-23 18:48:19.599737+00,d_12cb9026449cdd_1771872435205,,auth,oauth_url_ready,"{""hasUrl"":true}"
deb040bd-0596-4e95-8405-d2d7b2b1e192,2026-02-08 18:50:15.950405+00,d_8d6f5388f6029_1770576615728,,auth,oauth_url_ready,"{""hasUrl"":true}"
dedac03a-c916-486c-9d12-4c0445de0172,2026-02-08 18:50:15.862388+00,d_8d6f5388f6029_1770576615728,,auth,oauth_start,"{""redirectPath"":""auth/callback""}"
df1148ef-61a9-4af2-9cb0-8f84ad2f3b70,2026-05-01 02:38:15.206853+00,d_cab8ad71ebf46_1777603027665,,auth,google_press,{}
df168e58-0213-4a70-8ec0-a1429fb57675,2026-02-09 07:29:57.162403+00,d_e3f6bd9b651ef8_1770622140509,,auth,webbrowser_result,"{""type"":""cancel"",""hasUrl"":false}"
df738d37-3198-4650-a29b-c7b512117a2d,2026-02-23 18:48:28.174887+00,d_12cb9026449cdd_1771872435205,,auth,oauth_return_cached,"{""hasUrl"":false}"
e0048040-fd19-4c9b-889a-5f1ee84824fb,2026-02-28 14:48:31.186958+00,d_b1da13429509b8_1772290103532,,auth,webbrowser_result,"{""type"":""cancel"",""hasUrl"":false}"
e04d299f-f123-4e0a-840c-1c23fae775d7,2026-02-23 22:56:29.963551+00,d_ebb7d953f2bc28_1771887281124,,auth,oauth_url_ready,"{""hasUrl"":true}"
e0738ec2-30f2-4ae8-a45f-23c91c614754,2026-01-31 16:09:12.969926+00,d_cb6e7b94aa0f3_1769875747558,,auth,oauth_return_cached,"{""hasUrl"":false}"
e089a2e6-29e1-4c61-b244-62f77a78823b,2026-02-09 07:29:00.790212+00,d_e3f6bd9b651ef8_1770622140509,,auth,oauth_start,"{""redirectPath"":""auth/callback""}"
e095e9ba-6fde-45da-9e7b-293d0821fa4b,2026-06-23 01:56:49.655046+00,d_eb04f65dbc80d8_1774135538176,186df23b-6cbd-40b1-a921-430921a73e9c,facebook,facebook_connect_button_tapped,"{""hasSession"":true,""redirectKind"":""native"",""currentUserId"":""186df23b-6cbd-40b1-a921-430921a73e9c""}"
e0a89c6b-7e70-4134-b973-3c1d37bbb36a,2026-02-23 18:48:25.276089+00,d_12cb9026449cdd_1771872435205,,auth,google_press,{}
e0b74744-35a0-4595-925a-12eb7dbfd66d,2026-02-28 14:48:23.977597+00,d_b1da13429509b8_1772290103532,,auth,oauth_url_ready,"{""hasUrl"":true}"
e10dde12-17fd-4207-90ce-e2d072de6798,2026-01-31 16:09:08.590432+00,d_cb6e7b94aa0f3_1769875747558,,auth,oauth_url_ready,"{""hasUrl"":true}"
e127b84a-fff4-4cba-a621-ebc9e958388e,2026-04-12 07:43:33.099883+00,d_d58ef8ba3f26c_1775979811595,,auth,oauth_return_cached,"{""hasUrl"":false}"
e156e0ef-5d45-497b-8698-b6b99c86f9c4,2026-06-23 02:00:35.990922+00,d_eb04f65dbc80d8_1774135538176,186df23b-6cbd-40b1-a921-430921a73e9c,privacy,social_opt_out_setting_changed_attempt,"{""next_value"":true,""source_screen"":""settings"",""previous_value"":false}"
e1810b12-de4d-49c4-9c6a-01009f495d9d,2026-02-23 18:47:45.994979+00,d_12cb9026449cdd_1771872435205,,auth,oauth_return_cached,"{""hasUrl"":false}"
e219148c-4720-4c06-b148-473fd44afb03,2026-02-22 23:32:51.990044+00,d_e072263008ba48_1771803169090,,auth,oauth_start,"{""redirectPath"":""auth/callback""}"
e2616269-c705-4a3b-9352-cdf278441e90,2026-02-23 18:48:14.20887+00,d_12cb9026449cdd_1771872435205,,auth,oauth_start,"{""redirectPath"":""auth/callback""}"
e2618740-e299-4a9c-87f1-c3fbe0daf335,2026-06-23 01:53:48.706724+00,d_eb04f65dbc80d8_1774135538176,186df23b-6cbd-40b1-a921-430921a73e9c,facebook,facebook_final_ui_state,"{""source"":""users"",""identityConnected"":false,""persistedConnected"":false}"
e2ee4b66-1eda-4270-8348-c027032945ed,2026-02-08 18:50:15.780316+00,d_8d6f5388f6029_1770576615728,,auth,google_press,{}
e3096e2c-6088-4eb0-935e-44ae754ba18d,2026-02-22 00:37:49.620301+00,d_d123e33159b38_1771720593478,,auth,webbrowser_result,"{""type"":""success"",""hasUrl"":true}"
e32e093f-b3bf-41e0-bab5-5732802f5061,2026-02-23 22:54:44.355927+00,d_ebb7d953f2bc28_1771887281124,,auth,google_press,{}
e331703b-fcec-41c9-8530-c50cc71cab4a,2026-02-23 22:56:29.734277+00,d_ebb7d953f2bc28_1771887281124,,auth,google_press,{}
e37fb20b-a491-4633-b830-d876504121ea,2026-02-23 22:54:44.527223+00,d_ebb7d953f2bc28_1771887281124,,auth,oauth_start,"{""redirectPath"":""auth/callback""}"
e3ceb744-e000-4375-8e1d-e1c14680a941,2026-04-05 23:58:03.092594+00,d_9100d1cfba86d8_1775433471923,,auth,webbrowser_result,"{""type"":""cancel"",""hasUrl"":false}"
e3d2f335-3315-4347-949e-e1fd17605263,2026-02-02 02:05:19.267406+00,d_c9b7c3e838f8b8_1769996794087,,auth,oauth_start,"{""redirectPath"":""auth/callback""}"
e424814b-0f3e-4e45-befb-55c0a1369805,2026-04-05 23:57:57.991093+00,d_9100d1cfba86d8_1775433471923,,auth,google_press,{}
e4316258-597b-4527-bc84-e95cd1fedd52,2026-05-01 02:49:04.687635+00,d_6e76d4efaf2838_1777603250861,,auth,oauth_return_cached,"{""hasUrl"":false}"
e4442626-2075-4234-a505-d78b1798eb5f,2026-02-24 00:14:48.255534+00,d_e0634008d876f8_1769957310244,,auth,oauth_return_cached,"{""hasUrl"":true}"
e4a567f4-1fc7-4a0d-b37c-ff7541add002,2026-02-23 18:47:32.073742+00,d_12cb9026449cdd_1771872435205,,auth,oauth_return_cached,"{""hasUrl"":false}"
e4a9be20-add2-4013-89eb-5f3305d53b19,2026-01-31 16:11:38.707707+00,d_1db54cae693d35_1769875897381,,auth,oauth_start,"{""redirectPath"":""auth/callback""}"
e4b1d3a1-2ef7-4386-9e30-307bdd134765,2026-02-13 17:20:45.211833+00,d_88b3688526179_1771003203273,,auth,oauth_return_cached,"{""hasUrl"":false}"
e4b415c6-45ed-41df-940d-0827399cc5ef,2026-04-06 03:13:01.831571+00,d_354575e1ef8b48_1775445148888,,auth,webbrowser_result,"{""type"":""cancel"",""hasUrl"":false}"
e4d0272c-2ec2-42e0-bb7a-f22f436a6ee2,2026-02-22 23:34:00.273444+00,d_393ab8b7ce893a_1771803171721,,auth,oauth_start,"{""redirectPath"":""auth/callback""}"
e5017019-48b7-4634-a00f-bedec88ed74c,2026-02-23 18:48:59.575867+00,d_12cb9026449cdd_1771872435205,,auth,oauth_return_cached,"{""hasUrl"":false}"
e501c9ad-bd1b-459e-9be0-fae0bed62197,2026-05-01 01:49:26.58154+00,d_f707ff88c7d65_1777600098998,,auth,oauth_return_cached,"{""hasUrl"":false}"
e51d7a74-7d3b-4367-9950-aa3f829951c0,2026-02-23 19:46:50.574685+00,d_c378e05089bfc_1771875886770,,auth,oauth_start,"{""redirectPath"":""auth/callback""}"
e52b45d0-8b4d-4e3b-8f4c-f1f5a87bbf9d,2026-05-01 01:52:30.519686+00,d_06f9741747fd08_1777600315849,,auth,oauth_url_ready,"{""hasUrl"":true}"
e5516414-eaae-4f70-bed2-7d4e2e9ed754,2026-02-08 18:50:27.720461+00,d_8d6f5388f6029_1770576615728,,auth,oauth_return_cached,"{""hasUrl"":true}"
e5c92039-9a48-4886-b6c5-10208011d05a,2026-05-16 20:32:47.686684+00,d_ed1c0a16706f7_1778963561827,,auth,oauth_return_cached,"{""hasUrl"":true}"
e5d62739-d166-4870-b4f8-0911e27a12ad,2026-03-07 01:22:12.887971+00,d_6c9e7484c59f28_1772846526142,,auth,oauth_return_cached,"{""hasUrl"":false}"
e626be74-b8ec-4d12-ab72-5fecdfeeb0ed,2026-05-01 01:59:26.279134+00,d_06f9741747fd08_1777600315849,,auth,webbrowser_result,"{""type"":""dismiss"",""hasUrl"":false}"
e654bf9a-a427-44da-b557-8ef5e0846fcd,2026-04-12 07:43:52.819763+00,d_d58ef8ba3f26c_1775979811595,,auth,webbrowser_result,"{""type"":""cancel"",""hasUrl"":false}"
e714a36d-58af-4ee5-b501-c78aa554bf86,2026-02-13 17:20:22.195583+00,d_88b3688526179_1771003203273,,auth,webbrowser_result,"{""type"":""cancel"",""hasUrl"":false}"
e7c031df-7663-471c-a41c-ebd928fff4a4,2026-01-31 17:12:40.207319+00,d_f49572ecb3eed_1769879534830,,auth,oauth_url_ready,"{""hasUrl"":true}"
e80fb42c-af42-4e70-a5f3-ae2d0845f248,2026-05-01 01:49:25.895868+00,d_f707ff88c7d65_1777600098998,,auth,webbrowser_result,"{""type"":""dismiss"",""hasUrl"":false}"
e924af65-f51f-4a8c-9299-50f629a6ece2,2026-02-11 09:22:12.786007+00,d_cc61f970a326b8_1770801687209,,auth,google_press,{}
e9a371d9-40a4-40f6-837b-35cfeb2ad0d7,2026-02-23 00:40:10.897812+00,d_addc5209c81648_1771807205291,,auth,oauth_url_ready,"{""hasUrl"":true}"
e9b6b413-cfdf-49d5-9069-816d01ae7139,2026-02-23 18:49:09.699994+00,d_12cb9026449cdd_1771872435205,,auth,oauth_start,"{""redirectPath"":""auth/callback""}"
e9be4258-7138-49e9-90f1-5935785edb7f,2026-05-01 01:59:41.298737+00,d_06f9741747fd08_1777600315849,,auth,oauth_start,"{""redirectPath"":""auth/callback""}"
ea506075-6100-46c7-8271-3874772be525,2026-01-31 17:13:19.580252+00,d_f49572ecb3eed_1769879534830,,auth,oauth_return_cached,"{""hasUrl"":false}"
ea60913c-f3f2-4f61-a901-887071cc7462,2026-02-23 18:49:35.955991+00,d_12cb9026449cdd_1771872435205,,auth,webbrowser_result,"{""type"":""cancel"",""hasUrl"":false}"
ea8179b5-2843-432e-8a95-8c86391b91ba,2026-01-31 23:03:37.096912+00,d_f4480580f62e38_1769900114423,,auth,oauth_url_ready,"{""hasUrl"":true}"
eac055ed-3c4d-404d-abb3-0cde9b59fd9e,2026-02-28 14:48:24.412841+00,d_b1da13429509b8_1772290103532,,auth,webbrowser_result,"{""type"":""cancel"",""hasUrl"":false}"
ead53dcb-00d9-435a-9c1d-ffef577a000f,2026-02-23 22:55:09.886677+00,d_ebb7d953f2bc28_1771887281124,,auth,google_press,{}
eb9e6069-a250-4eb1-a10e-708cc09dac45,2026-01-31 17:13:18.967704+00,d_f49572ecb3eed_1769879534830,,auth,google_press,{}
eba973bc-7b6b-4ae5-b4df-ded31c1c53c2,2026-05-01 01:52:08.842931+00,d_06f9741747fd08_1777600315849,,auth,webbrowser_result,"{""type"":""dismiss"",""hasUrl"":false}"
ec42165a-d988-435d-a2f7-34a543906424,2026-02-23 00:40:05.705975+00,d_addc5209c81648_1771807205291,,auth,oauth_start,"{""redirectPath"":""auth/callback""}"
ece70b0b-c156-40c3-a4db-8c26cb906150,2026-02-26 03:02:07.587781+00,d_e0634008d876f8_1769957310244,,auth,google_press,{}
ed6b3a77-71a0-4adf-8809-69b8b42074d3,2026-02-10 03:47:44.273147+00,d_2bfe3e66c87824_1770695264023,,auth,google_press,{}
eecdaadf-fb60-4ece-b4c3-86609e8dc14a,2026-02-23 22:55:40.048259+00,d_ebb7d953f2bc28_1771887281124,,auth,oauth_return_cached,"{""hasUrl"":false}"
eef26c6f-d4f9-46d7-a71b-19a771c7ba05,2026-02-23 18:48:35.912674+00,d_12cb9026449cdd_1771872435205,,auth,oauth_start,"{""redirectPath"":""auth/callback""}"
efb17b4e-92bd-498b-8e26-2762eb265ecb,2026-01-31 17:12:24.487795+00,d_f49572ecb3eed_1769879534830,,auth,oauth_return_cached,"{""hasUrl"":false}"
efc6833a-9b45-4c66-9ec7-f28a3b5c1226,2026-05-01 01:48:26.760539+00,d_f707ff88c7d65_1777600098998,,auth,oauth_return_cached,"{""hasUrl"":false}"
efc71196-5543-484e-b07b-6b35f4d8e2fd,2026-01-31 17:13:39.383839+00,d_f49572ecb3eed_1769879534830,,auth,oauth_return_cached,"{""hasUrl"":false}"
f030d350-9925-431b-9fa8-0e0e733454a7,2026-02-23 22:56:10.67138+00,d_ebb7d953f2bc28_1771887281124,,auth,oauth_url_ready,"{""hasUrl"":true}"
f0afd061-b5a1-446b-ac03-6af165e2e63b,2026-05-01 01:52:09.390823+00,d_06f9741747fd08_1777600315849,,auth,oauth_return_cached,"{""hasUrl"":false}"
f0eec0ac-bbde-497d-a1ff-1cb276093460,2026-02-23 22:56:42.796882+00,d_ebb7d953f2bc28_1771887281124,,auth,webbrowser_result,"{""type"":""cancel"",""hasUrl"":false}"
f0fd2865-196d-489a-96b5-c7169febc84a,2026-02-13 17:21:17.286099+00,d_88b3688526179_1771003203273,,auth,oauth_return_cached,"{""hasUrl"":false}"
f11c60fe-cda1-43d1-a3c2-008d960e68f2,2026-01-31 16:09:54.456258+00,d_406c3649dcd6a_1769875794775,,auth,oauth_start,"{""redirectPath"":""auth/callback""}"
f1211390-8d17-4572-beb5-3090bfb23f09,2026-02-13 17:20:29.567533+00,d_88b3688526179_1771003203273,,auth,oauth_url_ready,"{""hasUrl"":true}"
f161f298-5696-43e2-a5e0-88dc66719ea3,2026-06-23 02:00:47.697765+00,d_eb04f65dbc80d8_1774135538176,186df23b-6cbd-40b1-a921-430921a73e9c,privacy,social_opt_out_setting_viewed,"{""value"":true,""source_screen"":""settings"",""canAppearSocially"":false}"
f1981196-84fd-4c14-a60f-e2f8edb6deee,2026-02-23 19:45:31.516161+00,d_c378e05089bfc_1771875886770,,auth,oauth_return_cached,"{""hasUrl"":false}"
f1a8e659-97ba-48dc-938f-cba551ac8dff,2026-02-23 22:55:53.812301+00,d_ebb7d953f2bc28_1771887281124,,auth,oauth_start,"{""redirectPath"":""auth/callback""}"
f1ac8193-a196-4a76-83f6-bfaf886c47ef,2026-02-23 18:48:14.748535+00,d_12cb9026449cdd_1771872435205,,auth,oauth_return_cached,"{""hasUrl"":false}"
f1d6921f-5df0-453f-a9ab-958ec13fb82b,2026-05-01 02:49:50.647821+00,d_6e76d4efaf2838_1777603250861,,auth,oauth_url_ready,"{""hasUrl"":true}"
f227500b-4275-4750-a7d0-a1f722f94327,2026-05-16 20:32:47.549674+00,d_ed1c0a16706f7_1778963561827,,auth,webbrowser_result,"{""type"":""success"",""hasUrl"":true}"
f39c43bb-838b-4add-bf09-8da4aea3292b,2026-02-23 22:56:03.209123+00,d_ebb7d953f2bc28_1771887281124,,auth,oauth_return_cached,"{""hasUrl"":false}"
f4638efe-a6ce-4e30-8833-e2af259b3687,2026-02-23 18:49:36.072058+00,d_12cb9026449cdd_1771872435205,,auth,oauth_return_cached,"{""hasUrl"":false}"
f47b2571-785f-448c-b0b6-21630d3aee53,2026-02-23 18:49:09.571764+00,d_12cb9026449cdd_1771872435205,,auth,google_press,{}
f4c68c24-00f3-4b74-a6a1-d54cec89bc44,2026-04-06 03:12:29.002487+00,d_354575e1ef8b48_1775445148888,,auth,google_press,{}
f68b08c2-37a1-4c3c-bcf7-7afeb267e112,2026-04-12 07:44:16.728723+00,d_d58ef8ba3f26c_1775979811595,,auth,oauth_start,"{""redirectPath"":""auth/callback""}"
f68e806a-a54b-4655-b1b8-46463cec5baa,2026-02-23 19:45:19.68386+00,d_c378e05089bfc_1771875886770,,auth,oauth_start,"{""redirectPath"":""auth/callback""}"
f6a6df16-dcd2-4478-be50-ebf0190ee572,2026-02-11 09:22:09.112217+00,d_cc61f970a326b8_1770801687209,,auth,google_press,{}
f77c4efb-5b34-469a-95e9-7f236be6d75d,2026-01-31 22:55:30.860544+00,d_f4480580f62e38_1769900114423,,auth,webbrowser_result,"{""type"":""success"",""hasUrl"":true}"
f7aa247a-5b01-48a4-a6e4-288a77c90585,2026-05-01 01:48:26.505057+00,d_f707ff88c7d65_1777600098998,,auth,webbrowser_result,"{""type"":""dismiss"",""hasUrl"":false}"
f864db7e-1a20-4e14-b657-0db50e9740a3,2026-02-13 17:20:03.838673+00,d_88b3688526179_1771003203273,,auth,oauth_url_ready,"{""hasUrl"":true}"
f86b356d-7b7c-4419-bf14-43eef1d17206,2026-02-22 23:32:53.878445+00,d_393ab8b7ce893a_1771803171721,,auth,google_press,{}
f8e04bed-96ce-422d-83b8-bd3f8b3dfcd8,2026-02-28 14:48:38.515327+00,d_b1da13429509b8_1772290103532,,auth,oauth_url_ready,"{""hasUrl"":true}"
f9133bc9-8777-42b0-a30b-88817c54fb68,2026-02-23 19:46:14.971353+00,d_c378e05089bfc_1771875886770,,auth,oauth_url_ready,"{""hasUrl"":true}"
f91971e5-8551-425f-850c-daa044342c70,2026-02-23 01:06:54.093161+00,d_e0634008d876f8_1769957310244,,auth,google_press,{}
f94b3c31-2056-4067-b218-91dd025bd87b,2026-02-23 00:40:36.97533+00,d_addc5209c81648_1771807205291,,auth,oauth_url_ready,"{""hasUrl"":true}"
f9fb9dfd-3b9a-49ce-8ea4-cae2c56dcf8a,2026-02-23 19:45:56.175801+00,d_c378e05089bfc_1771875886770,,auth,webbrowser_result,"{""type"":""cancel"",""hasUrl"":false}"
fa4353e3-d831-4a93-9297-5744a60c5ee6,2026-02-23 18:47:16.396345+00,d_12cb9026449cdd_1771872435205,,auth,webbrowser_result,"{""type"":""cancel"",""hasUrl"":false}"
fa4a3d2e-4f6a-4e78-8c2d-53b7a4683b8e,2026-03-21 23:25:38.256288+00,d_eb04f65dbc80d8_1774135538176,,auth,google_press,{}
fa95d14a-c959-43d7-bf85-aaa24d192465,2026-02-08 18:56:44.131534+00,d_e0634008d876f8_1769957310244,,auth,oauth_start,"{""redirectPath"":""auth/callback""}"
fabe26bb-87d5-4a15-a04b-4963778029df,2026-05-01 01:56:09.172189+00,d_06f9741747fd08_1777600315849,,auth,google_press,{}
fac8ee0b-c1cb-4df5-998b-c03683309c8f,2026-02-15 00:01:23.264869+00,d_b13f7b1650643_1771113682055,,auth,oauth_start,"{""redirectPath"":""auth/callback""}"
faf611c4-6d24-4280-80d7-3673d9e41767,2026-02-23 22:56:06.471106+00,d_ebb7d953f2bc28_1771887281124,,auth,oauth_return_cached,"{""hasUrl"":false}"
fafc6160-1168-4051-825d-636597ff4b50,2026-02-08 19:01:29.135009+00,d_e0634008d876f8_1769957310244,,auth,webbrowser_result,"{""type"":""success"",""hasUrl"":true}"
fb26cbc6-943a-4127-a894-61231fde363a,2026-01-31 22:58:41.905898+00,d_f4480580f62e38_1769900114423,,auth,webbrowser_result,"{""type"":""success"",""hasUrl"":true}"
fbbc0b86-b0d6-41d4-830a-47b2273c5b18,2026-02-23 22:55:54.165678+00,d_ebb7d953f2bc28_1771887281124,,auth,webbrowser_result,"{""type"":""cancel"",""hasUrl"":false}"
fc12f3d7-2905-48e1-b50f-cd0a3b402fe2,2026-02-23 22:55:54.274618+00,d_ebb7d953f2bc28_1771887281124,,auth,oauth_return_cached,"{""hasUrl"":false}"
fcd834c3-783d-4e62-a740-32e8c3c56c54,2026-02-13 17:20:21.936673+00,d_88b3688526179_1771003203273,,auth,oauth_url_ready,"{""hasUrl"":true}"
fd09707b-2405-49c2-883a-7a8b536feedb,2026-03-21 23:25:38.450877+00,d_eb04f65dbc80d8_1774135538176,,auth,oauth_start,"{""redirectPath"":""auth/callback""}"
fd5a1f6d-9e47-434c-9996-380fd8865710,2026-04-05 15:19:39.228785+00,d_eb04f65dbc80d8_1774135538176,,auth,webbrowser_result,"{""type"":""success"",""hasUrl"":true}"
fd61db4e-87ee-4633-9346-247dd06e4baa,2026-02-22 23:30:13.429734+00,d_e0634008d876f8_1769957310244,,auth,google_press,{}
fda8589f-983d-4cf3-aec3-5f905eb9685c,2026-03-09 01:33:12.182907+00,d_90077fdd59ca98_1773019990289,,auth,oauth_return_cached,"{""hasUrl"":false}"
fdd14e90-2f05-45cc-a4f6-03ae72aace8b,2026-05-01 01:48:25.188459+00,d_8cc002dc2e51d_1777600095461,,auth,oauth_return_cached,"{""hasUrl"":false}"
fe96927c-39e3-4bd7-b787-47c7f7ce06e6,2026-02-23 22:55:23.606302+00,d_ebb7d953f2bc28_1771887281124,,auth,oauth_start,"{""redirectPath"":""auth/callback""}"
fea7aa9f-aab9-4dce-aa4b-d4474deb2378,2026-01-31 17:12:23.869561+00,d_f49572ecb3eed_1769879534830,,auth,webbrowser_result,"{""type"":""cancel"",""hasUrl"":false}"
ff173e5e-1b94-4cd3-a2a0-efe2a70d36e2,2026-02-09 07:29:01.674096+00,d_e3f6bd9b651ef8_1770622140509,,auth,webbrowser_result,"{""type"":""cancel"",""hasUrl"":false}"
ff28a485-28a3-436d-b1d1-e52082ced282,2026-05-01 02:41:07.245792+00,d_6e76d4efaf2838_1777603250861,,auth,oauth_return_cached,"{""hasUrl"":false}"
ff3f6929-001d-4c65-a1ee-4f798fa31916,2026-05-01 01:59:51.040424+00,d_06f9741747fd08_1777600315849,,auth,webbrowser_result,"{""type"":""dismiss"",""hasUrl"":false}"
ffbbdd07-45c5-4559-aa09-e3a353aea33f,2026-02-23 19:45:23.78186+00,d_c378e05089bfc_1771875886770,,auth,oauth_url_ready,"{""hasUrl"":true}"
ffdb3961-9662-4e4c-9379-cdfaca25e8f4,2026-02-23 19:45:20.117592+00,d_c378e05089bfc_1771875886770,,auth,oauth_return_cached,"{""hasUrl"":false}"
fffdd80e-8431-4f4b-ac94-3f52f62ec5b1,2026-02-23 22:55:23.472999+00,d_ebb7d953f2bc28_1771887281124,,auth,google_press,{}